Workbook

Sheet Dashboard
B1: Team Info | C1: xScore | D1: P Chance Win | J1: Book Odds
A2: Home | B2: Newcastle Utd | C2: =P26 -> 0.66225166 | D2: =pDist!O3 -> 0.29883028 | L2: Decimal Odds | M2: Fractional Odds | P2: ML Edge
A3: Away | B3: Arsenal | C3: =Q26 -> 0.67689531 | D3: =pDist!O2 -> 0.30778134 | I3: Home | L3: =M3+1 -> 3.4 | M3: =12/5 -> 2.4
B4: Draw | D4: =pDist!O4 -> 0.39338838 | I4: Away | L4: =M4+1 -> 1.8333333 | M4: =5/6 -> 0.83333333
E10: Monte Carlos
E11: Home | F11: Away | G11: Draw
E12: =COUNTIF(monteCarlo!L:L, "H")/9999 -> 0.70467047 | F12: =COUNTIF(monteCarlo!L:L, "A")/9999 -> 0.29532953 | G12: =COUNTIF(monteCarlo!L:L, "T")/9999 -> 0
E13: =COUNTIF(monteCarlo!Q:Q, "H")/9999 -> 0.7169717 | F13: =COUNTIF(monteCarlo!Q:Q, "A")/9999 -> 0.2830283 | G13: =COUNTIF(monteCarlo!Q:Q, "T")/9999 -> 0
B20: Home | G20: Away
B21: Games Played | C21: Goals scored per game | D21: Goals conceded per game | E21: Attacking strength | F21: Defensive strength | G21: Games Played | H21: Goals scored per game | I21: Goals conceded per game | J21: Attacking strength | K21: Defensive strength
A22: Arsenal | B22: =seasonalStats!B3 -> 5 | C22: =seasonalStats!F3/seasonalStats!B3 -> 2.4 | D22: =seasonalStats!G3/seasonalStats!B3 -> 1.2 | E22: =C22/$C$42 -> 1.6107383 | F22: =D22/$D$42 -> 0.86642599 | G22: =seasonalStats!O3 -> 4 | H22: =seasonalStats!S3/seasonalStats!O3 -> 1.25 | I22: =seasonalStats!T3/seasonalStats!O3 -> 1 | J22: =H22/$H$42 -> 0.88652482 | K22: =I22/$I$42 -> 0.66225166 | P22: Home team | Q22: Away team
A23: Aston Villa | B23: =seasonalStats!B4 -> 5 | C23: =seasonalStats!F4/seasonalStats!B4 -> 1.4 | D23: =seasonalStats!G4/seasonalStats!B4 -> 1.2 | E23: =C23/$C$42 -> 0.93959732 | F23: =D23/$D$42 -> 0.86642599 | G23: =seasonalStats!O4 -> 4 | H23: =seasonalStats!S4/seasonalStats!O4 -> 2.25 | I23: =seasonalStats!T4/seasonalStats!O4 -> 1.25 | J23: =H23/$H$42 -> 1.5957447 | K23: =I23/$I$42 -> 0.82781457 | P23: =B2 -> Newcastle Utd | Q23: =B3 -> Arsenal
A24: Bournemouth | B24: =seasonalStats!B5 -> 4 | C24: =seasonalStats!F5/seasonalStats!B5 -> 1.5 | D24: =seasonalStats!G5/seasonalStats!B5 -> 0.75 | E24: =C24/$C$42 -> 1.0067114 | F24: =D24/$D$42 -> 0.54151625 | G24: =seasonalStats!O5 -> 5 | H24: =seasonalStats!S5/seasonalStats!O5 -> 1 | I24: =seasonalStats!T5/seasonalStats!O5 -> 1.6 | J24: =H24/$H$42 -> 0.70921986 | K24: =I24/$I$42 -> 1.0596026 | O24: Attack strength | P24: =_xlfn.XLOOKUP(P23,A22:A41,E22:E41) -> 0.67114094 | Q24: =_xlfn.XLOOKUP(Q23,A22:A41,J22:J41) -> 0.88652482
A25: Brentford | B25: =seasonalStats!B6 -> 5 | C25: =seasonalStats!F6/seasonalStats!B6 -> 3 | D25: =seasonalStats!G6/seasonalStats!B6 -> 1.8 | E25: =C25/$C$42 -> 2.0134228 | F25: =D25/$D$42 -> 1.299639 | G25: =seasonalStats!O6 -> 4 | H25: =seasonalStats!S6/seasonalStats!O6 -> 0.75 | I25: =seasonalStats!T6/seasonalStats!O6 -> 2.25 | J25: =H25/$H$42 -> 0.53191489 | K25: =I25/$I$42 -> 1.4900662 | O25: Defensive strength | P25: =_xlfn.XLOOKUP(P23,A22:A41,F22:F41) -> 0.54151625 | Q25: =_xlfn.XLOOKUP(Q23,A22:A41,K22:K41) -> 0.66225166
A26: Brighton | B26: =seasonalStats!B7 -> 5 | C26: =seasonalStats!F7/seasonalStats!B7 -> 1.8 | D26: =seasonalStats!G7/seasonalStats!B7 -> 1.4 | E26: =C26/$C$42 -> 1.2080537 | F26: =D26/$D$42 -> 1.0108303 | G26: =seasonalStats!O7 -> 4 | H26: =seasonalStats!S7/seasonalStats!O7 -> 1.75 | I26: =seasonalStats!T7/seasonalStats!O7 -> 1.25 | J26: =H26/$H$42 -> 1.2411348 | K26: =I26/$I$42 -> 0.82781457 | O26: xG | P26: =P24*Q25*C42 -> 0.66225166 | Q26: =Q24*P25*H42 -> 0.67689531
A27: Chelsea | B27: =seasonalStats!B8 -> 5 | C27: =seasonalStats!F8/seasonalStats!B8 -> 1.6 | D27: =seasonalStats!G8/seasonalStats!B8 -> 1.4 | E27: =C27/$C$42 -> 1.0738255 | F27: =D27/$D$42 -> 1.0108303 | G27: =seasonalStats!O8 -> 4 | H27: =seasonalStats!S8/seasonalStats!O8 -> 2.75 | I27: =seasonalStats!T8/seasonalStats!O8 -> 1 | J27: =H27/$H$42 -> 1.9503546 | K27: =I27/$I$42 -> 0.66225166
A28: Crystal Palace | B28: =seasonalStats!B9 -> 5 | C28: =seasonalStats!F9/seasonalStats!B9 -> 0.6 | D28: =seasonalStats!G9/seasonalStats!B9 -> 1 | E28: =C28/$C$42 -> 0.40268456 | F28: =D28/$D$42 -> 0.72202166 | G28: =seasonalStats!O9 -> 4 | H28: =seasonalStats!S9/seasonalStats!O9 -> 0.75 | I28: =seasonalStats!T9/seasonalStats!O9 -> 1.5 | J28: =H28/$H$42 -> 0.53191489 | K28: =I28/$I$42 -> 0.99337748
A29: Everton | B29: =seasonalStats!B10 -> 5 | C29: =seasonalStats!F10/seasonalStats!B10 -> 1 | D29: =seasonalStats!G10/seasonalStats!B10 -> 1.6 | E29: =C29/$C$42 -> 0.67114094 | F29: =D29/$D$42 -> 1.1552347 | G29: =seasonalStats!O10 -> 4 | H29: =seasonalStats!S10/seasonalStats!O10 -> 1.25 | I29: =seasonalStats!T10/seasonalStats!O10 -> 2 | J29: =H29/$H$42 -> 0.88652482 | K29: =I29/$I$42 -> 1.3245033
A30: Fulham | B30: =seasonalStats!B11 -> 4 | C30: =seasonalStats!F11/seasonalStats!B11 -> 1.75 | D30: =seasonalStats!G11/seasonalStats!B11 -> 1.5 | E30: =C30/$C$42 -> 1.1744966 | F30: =D30/$D$42 -> 1.0830325 | G30: =seasonalStats!O11 -> 5 | H30: =seasonalStats!S11/seasonalStats!O11 -> 1 | I30: =seasonalStats!T11/seasonalStats!O11 -> 1.2 | J30: =H30/$H$42 -> 0.70921986 | K30: =I30/$I$42 -> 0.79470199
A31: Ipswich Town | B31: =seasonalStats!B12 -> 4 | C31: =seasonalStats!F12/seasonalStats!B12 -> 0.75 | D31: =seasonalStats!G12/seasonalStats!B12 -> 1.75 | E31: =C31/$C$42 -> 0.5033557 | F31: =D31/$D$42 -> 1.2635379 | G31: =seasonalStats!O12 -> 5 | H31: =seasonalStats!S12/seasonalStats!O12 -> 1.2 | I31: =seasonalStats!T12/seasonalStats!O12 -> 2.6 | J31: =H31/$H$42 -> 0.85106383 | K31: =I31/$I$42 -> 1.7218543
A32: Leicester City | B32: =seasonalStats!B13 -> 5 | C32: =seasonalStats!F13/seasonalStats!B13 -> 1 | D32: =seasonalStats!G13/seasonalStats!B13 -> 1.4 | E32: =C32/$C$42 -> 0.67114094 | F32: =D32/$D$42 -> 1.0108303 | G32: =seasonalStats!O13 -> 4 | H32: =seasonalStats!S13/seasonalStats!O13 -> 2 | I32: =seasonalStats!T13/seasonalStats!O13 -> 2.5 | J32: =H32/$H$42 -> 1.4184397 | K32: =I32/$I$42 -> 1.6556291
A33: Liverpool | B33: =seasonalStats!B14 -> 4 | C33: =seasonalStats!F14/seasonalStats!B14 -> 1.75 | D33: =seasonalStats!G14/seasonalStats!B14 -> 0.5 | E33: =C33/$C$42 -> 1.1744966 | F33: =D33/$D$42 -> 0.36101083 | G33: =seasonalStats!O14 -> 5 | H33: =seasonalStats!S14/seasonalStats!O14 -> 2 | I33: =seasonalStats!T14/seasonalStats!O14 -> 0.6 | J33: =H33/$H$42 -> 1.4184397 | K33: =I33/$I$42 -> 0.39735099
A34: Manchester City | B34: =seasonalStats!B15 -> 5 | C34: =seasonalStats!F15/seasonalStats!B15 -> 2.4 | D34: =seasonalStats!G15/seasonalStats!B15 -> 1.2 | E34: =C34/$C$42 -> 1.6107383 | F34: =D34/$D$42 -> 0.86642599 | G34: =seasonalStats!O15 -> 4 | H34: =seasonalStats!S15/seasonalStats!O15 -> 2 | I34: =seasonalStats!T15/seasonalStats!O15 -> 0.75 | J34: =H34/$H$42 -> 1.4184397 | K34: =I34/$I$42 -> 0.49668874
A35: Manchester Utd | B35: =seasonalStats!B16 -> 4 | C35: =seasonalStats!F16/seasonalStats!B16 -> 0.75 | D35: =seasonalStats!G16/seasonalStats!B16 -> 1.75 | E35: =C35/$C$42 -> 0.5033557 | F35: =D35/$D$42 -> 1.2635379 | G35: =seasonalStats!O16 -> 5 | H35: =seasonalStats!S16/seasonalStats!O16 -> 1 | I35: =seasonalStats!T16/seasonalStats!O16 -> 0.8 | J35: =H35/$H$42 -> 0.70921986 | K35: =I35/$I$42 -> 0.52980132
A36: Newcastle Utd | B36: =seasonalStats!B17 -> 4 | C36: =seasonalStats!F17/seasonalStats!B17 -> 1 | D36: =seasonalStats!G17/seasonalStats!B17 -> 0.75 | E36: =C36/$C$42 -> 0.67114094 | F36: =D36/$D$42 -> 0.54151625 | G36: =seasonalStats!O17 -> 5 | H36: =seasonalStats!S17/seasonalStats!O17 -> 1 | I36: =seasonalStats!T17/seasonalStats!O17 -> 1.4 | J36: =H36/$H$42 -> 0.70921986 | K36: =I36/$I$42 -> 0.92715232
A37: Nott'ham Forest | B37: =seasonalStats!B18 -> 4 | C37: =seasonalStats!F18/seasonalStats!B18 -> 0.75 | D37: =seasonalStats!G18/seasonalStats!B18 -> 0.75 | E37: =C37/$C$42 -> 0.5033557 | F37: =D37/$D$42 -> 0.54151625 | G37: =seasonalStats!O18 -> 5 | H37: =seasonalStats!S18/seasonalStats!O18 -> 1.6 | I37: =seasonalStats!T18/seasonalStats!O18 -> 0.8 | J37: =H37/$H$42 -> 1.1347518 | K37: =I37/$I$42 -> 0.52980132
A38: Southampton | B38: =seasonalStats!B19 -> 4 | C38: =seasonalStats!F19/seasonalStats!B19 -> 0.75 | D38: =seasonalStats!G19/seasonalStats!B19 -> 2 | E38: =C38/$C$42 -> 0.5033557 | F38: =D38/$D$42 -> 1.4440433 | G38: =seasonalStats!O19 -> 5 | H38: =seasonalStats!S19/seasonalStats!O19 -> 0.6 | I38: =seasonalStats!T19/seasonalStats!O19 -> 2.2 | J38: =H38/$H$42 -> 0.42553191 | K38: =I38/$I$42 -> 1.4569536
... A41: Wolves | B41: =seasonalStats!B22 -> 4 | C41: =seasonalStats!F22/seasonalStats!B22 -> 1.25 | D41: =seasonalStats!G22/seasonalStats!B22 -> 3 | E41: =C41/$C$42 -> 0.83892617 | F41: =D41/$D$42 -> 2.166065 | G41: =seasonalStats!O22 -> 5 | H41: =seasonalStats!S22/seasonalStats!O22 -> 1.4 | I41: =seasonalStats!T22/seasonalStats!O22 -> 2.6 | J41: =H41/$H$42 -> 0.9929078 | K41: =I41/$I$42 -> 1.7218543
C42: =AVERAGE(C22:C41) -> 1.49 | D42: =AVERAGE(D22:D41) -> 1.385 | H42: =AVERAGE(H22:H41) -> 1.41 | I42: =AVERAGE(I22:I41) -> 1.51

Sheet monteCarlo
A1: Team | B1: Average Earned | C1: Average Allowed | D1: Adjusted Score | F1: Standard Deviation | G1: % Chance to Win | I1: Scenario | J1: Away | K1: Home | L1: Outcome | N1: Scenario | O1: Away | P1: Home | Q1: Outcome
A2: =Dashboard!B2 -> Newcastle Utd | B2: =INDIRECT("averageStats!d2:d21"&MATCH(A2, averageStats!A2:A21, 0)) -> 2.3 | C2: =INDIRECT("averageStats!e2:e21"&MATCH(A2, averageStats!A2:A21, 0)) -> 0.8 | D2: =SQRT(B2*C3) -> 1.6192591 | F2: =STDEV(INDIRECT("homeStats!J"&MATCH(A2,homeStats!D:D,0)):INDIRECT("'homeStats'!J"&COUNTIF(homeStats!D:D,A2)+MATCH(A2,homeStats!D:D,0)-1)) -> 0.81649658 | I2: 1 | J2: =NORMINV(RAND(), $D$3,$F$3) -> 0.088695114 | K2: =NORMINV(RAND(), $D$2,$F$2) -> 2.5760778 | L2: =IF(J2>K2, "A", IF(J2=K2, "T", "H")) -> H | N2: 1 | O2: =NORMINV(RAND(), $D$11,$F$11) -> 0.13902107 | P2: =NORMINV(RAND(), $D$10,$F$10) -> 0.58654519 | Q2: =IF(O2>P2, "A", IF(O2=P2, "T", "H")) -> H
A3: =Dashboard!B3 -> Arsenal | B3: =INDIRECT("averageStats!b2:b21"&MATCH(A3, averageStats!A2:A21, 0)) -> 1.16 | C3: =INDIRECT("averageStats!c2:c21"&MATCH(A3, averageStats!A2:A21, 0)) -> 1.14 | D3: =SQRT(B3*C2) -> 0.96332757 | F3: =STDEV(INDIRECT("awayStats!K"&MATCH(A3, awayStats!H:H, 0)):INDIRECT("'awayStats'!K"&COUNTIF(awayStats!H:H,A3)+MATCH(A3,awayStats!H:H,0)-1)) -> 0.95742711 | I3: 2 | J3: =NORMINV(RAND(), $D$3,$F$3) -> 2.7706558 | K3: =NORMINV(RAND(), $D$2,$F$2) -> 1.5692082 | L3: =IF(J3>K3, "A", IF(J3=K3, "T", "H")) -> A | N3: =N2+1 -> 2 | O3: =NORMINV(RAND(), $D$11,$F$11) -> 0.6607528 | P3: =NORMINV(RAND(), $D$10,$F$10) -> 2.1223278 | Q3: =IF(O3>P3, "A", IF(O3=P3, "T", "H")) -> H
I4: 3 | J4: =NORMINV(RAND(), $D$3,$F$3) -> -1.4919875 | K4: =NORMINV(RAND(), $D$2,$F$2) -> 1.6625741 | L4: =IF(J4>K4, "A", IF(J4=K4, "T", "H")) -> H | N4: =N3+1 -> 3 | O4: =NORMINV(RAND(), $D$11,$F$11) -> 1.8250103 | P4: =NORMINV(RAND(), $D$10,$F$10) -> 1.023446 | Q4: =IF(O4>P4, "A", IF(O4=P4, "T", "H")) -> A
I5: 4 | J5: =NORMINV(RAND(), $D$3,$F$3) -> 1.1213777 | K5: =NORMINV(RAND(), $D$2,$F$2) -> 3.503064 | L5: =IF(J5>K5, "A", IF(J5=K5, "T", "H")) -> H | N5: =N4+1 -> 4 | O5: =NORMINV(RAND(), $D$11,$F$11) -> 0.72187115 | P5: =NORMINV(RAND(), $D$10,$F$10) -> 1.0869427 | Q5: =IF(O5>P5, "A", IF(O5=P5, "T", "H")) -> H
I6: 5 | J6: =NORMINV(RAND(), $D$3,$F$3) -> 1.1443383 | K6: =NORMINV(RAND(), $D$2,$F$2) -> 1.4372271 | L6: =IF(J6>K6, "A", IF(J6=K6, "T", "H")) -> H | N6: =N5+1 -> 5 | O6: =NORMINV(RAND(), $D$11,$F$11) -> 1.7862821 | P6: =NORMINV(RAND(), $D$10,$F$10) -> 0.75220317 | Q6: =IF(O6>P6, "A", IF(O6=P6, "T", "H")) -> A
I7: 6 | J7: =NORMINV(RAND(), $D$3,$F$3) -> 0.02081136 | K7: =NORMINV(RAND(), $D$2,$F$2) -> 1.4308081 | L7: =IF(J7>K7, "A", IF(J7=K7, "T", "H")) -> H | N7: =N6+1 -> 6 | O7: =NORMINV(RAND(), $D$11,$F$11) -> 1.4185562 | P7: =NORMINV(RAND(), $D$10,$F$10) -> 0.27325656 | Q7: =IF(O7>P7, "A", IF(O7=P7, "T", "H")) -> A
I8: 7 | J8: =NORMINV(RAND(), $D$3,$F$3) -> 0.84902459 | K8: =NORMINV(RAND(), $D$2,$F$2) -> 1.3545966 | L8: =IF(J8>K8, "A", IF(J8=K8, "T", "H")) -> H | N8: =N7+1 -> 7 | O8: =NORMINV(RAND(), $D$11,$F$11) -> 2.2120553 | P8: =NORMINV(RAND(), $D$10,$F$10) -> 0.38279581 | Q8: =IF(O8>P8, "A", IF(O8=P8, "T", "H")) -> A
A9: Team | B9: Average Earned | C9: Average Allowed | D9: Adjusted Score | F9: Standard Deviation | G9: % Chance to Win | I9: 8 | J9: =NORMINV(RAND(), $D$3,$F$3) -> 0.13090526 | K9: =NORMINV(RAND(), $D$2,$F$2) -> 0.92485462 | L9: =IF(J9>K9, "A", IF(J9=K9, "T", "H")) -> H | N9: =N8+1 -> 8 | O9: =NORMINV(RAND(), $D$11,$F$11) -> 1.1895055 | P9: =NORMINV(RAND(), $D$10,$F$10) -> -0.28601686 | Q9: =IF(O9>P9, "A", IF(O9=P9, "T", "H")) -> A
A10: =Dashboard!B2 -> Newcastle Utd | B10: =B2 -> 2.3 | C10: =C2 -> 0.8 | D10: =(B10/teamStats!M3)*(monteCarlo!C10/teamStats!N3)*teamStats!M3 -> 1.3248 | F10: =STDEV(INDIRECT("homeStats!J"&MATCH(A10, homeStats!D:D, 0)):INDIRECT("'homeStats'!J"&COUNTIF(homeStats!D:D,A10)+MATCH(A10, homeStats!D:D, 0)-1)) -> 0.81649658 | I10: 9 | J10: =NORMINV(RAND(), $D$3,$F$3) -> 1.9044673 | K10: =NORMINV(RAND(), $D$2,$F$2) -> 2.003496 | L10: =IF(J10>K10, "A", IF(J10=K10, "T", "H")) -> H | N10: =N9+1 -> 9 | O10: =NORMINV(RAND(), $D$11,$F$11) -> 0.57423561 | P10: =NORMINV(RAND(), $D$10,$F$10) -> 1.5084105 | Q10: =IF(O10>P10, "A", IF(O10=P10, "T", "H")) -> H
A11: =Dashboard!B3 -> Arsenal | B11: =B3 -> 1.16 | C11: =C3 -> 1.14 | D11: =(B11/teamStats!O3)*(monteCarlo!C10/teamStats!P3)*teamStats!O3 -> 0.61411765 | F11: =STDEV(INDIRECT("awayStats!K"&MATCH(A11, awayStats!H:H, 0)):INDIRECT("'awayStats'!K"&COUNTIF(awayStats!H:H,A11)+MATCH(A11, awayStats!H:H, 0)-1)) -> 0.95742711 | I11: 10 | J11: =NORMINV(RAND(), $D$3,$F$3) -> 1.2311306 | K11: =NORMINV(RAND(), $D$2,$F$2) -> 1.9254039 | L11: =IF(J11>K11, "A", IF(J11=K11, "T", "H")) -> H | N11: =N10+1 -> 10 | O11: =NORMINV(RAND(), $D$11,$F$11) -> 1.008936 | P11: =NORMINV(RAND(), $D$10,$F$10) -> 2.2000575 | Q11: =IF(O11>P11, "A", IF(O11=P11, "T", "H")) -> H
I12: 11 | J12: =NORMINV(RAND(), $D$3,$F$3) -> -1.1056858 | K12: =NORMINV(RAND(), $D$2,$F$2) -> 2.1071107 | L12: =IF(J12>K12, "A", IF(J12=K12, "T", "H")) -> H | N12: =N11+1 -> 11 | O12: =NORMINV(RAND(), $D$11,$F$11) -> 1.0742998 | P12: =NORMINV(RAND(), $D$10,$F$10) -> 0.093437104 | Q12: =IF(O12>P12, "A", IF(O12=P12, "T", "H")) -> A
I13: 12 | J13: =NORMINV(RAND(), $D$3,$F$3) -> 2.1641097 | K13: =NORMINV(RAND(), $D$2,$F$2) -> 1.8260398 | L13: =IF(J13>K13, "A", IF(J13=K13, "T", "H")) -> A | N13: =N12+1 -> 12 | O13: =NORMINV(RAND(), $D$11,$F$11) -> 1.6336937 | P13: =NORMINV(RAND(), $D$10,$F$10) -> -0.44828377 | Q13: =IF(O13>P13, "A", IF(O13=P13, "T", "H")) -> A
I14: 13 | J14: =NORMINV(RAND(), $D$3,$F$3) -> 0.080349026 | K14: =NORMINV(RAND(), $D$2,$F$2) -> 1.1175078 | L14: =IF(J14>K14, "A", IF(J14=K14, "T", "H")) -> H | N14: =N13+1 -> 13 | O14: =NORMINV(RAND(), $D$11,$F$11) -> 0.45643921 | P14: =NORMINV(RAND(), $D$10,$F$10) -> 2.5978961 | Q14: =IF(O14>P14, "A", IF(O14=P14, "T", "H")) -> H
I15: 14 | J15: =NORMINV(RAND(), $D$3,$F$3) -> 1.6408658 | K15: =NORMINV(RAND(), $D$2,$F$2) -> 3.0777473 | L15: =IF(J15>K15, "A", IF(J15=K15, "T", "H")) -> H | N15: =N14+1 -> 14 | O15: =NORMINV(RAND(), $D$11,$F$11) -> -0.45924051 | P15: =NORMINV(RAND(), $D$10,$F$10) -> 1.5496726 | Q15: =IF(O15>P15, "A", IF(O15=P15, "T", "H")) -> H
I16: 15 | J16: =NORMINV(RAND(), $D$3,$F$3) -> 1.6237065 | K16: =NORMINV(RAND(), $D$2,$F$2) -> 1.7324512 | L16: =IF(J16>K16, "A", IF(J16=K16, "T", "H")) -> H | N16: =N15+1 -> 15 | O16: =NORMINV(RAND(), $D$11,$F$11) -> 0.56421434 | P16: =NORMINV(RAND(), $D$10,$F$10) -> 1.1897489 | Q16: =IF(O16>P16, "A", IF(O16=P16, "T", "H")) -> H
I17: 16 | J17: =NORMINV(RAND(), $D$3,$F$3) -> 1.6578842 | K17: =NORMINV(RAND(), $D$2,$F$2) -> 1.1221135 | L17: =IF(J17>K17, "A", IF(J17=K17, "T", "H")) -> A | N17: =N16+1 -> 16 | O17: =NORMINV(RAND(), $D$11,$F$11) -> 0.1331008 | P17: =NORMINV(RAND(), $D$10,$F$10) -> 1.8549333 | Q17: =IF(O17>P17, "A", IF(O17=P17, "T", "H")) -> H
I18: 17 | J18: =NORMINV(RAND(), $D$3,$F$3) -> 0.31927586 | K18: =NORMINV(RAND(), $D$2,$F$2) -> 3.0806065 | L18: =IF(J18>K18, "A", IF(J18=K18, "T", "H")) -> H | N18: =N17+1 -> 17 | O18: =NORMINV(RAND(), $D$11,$F$11) -> 1.0888065 | P18: =NORMINV(RAND(), $D$10,$F$10) -> 1.0362656 | Q18: =IF(O18>P18, "A", IF(O18=P18, "T", "H")) -> A
I19: 18 | J19: =NORMINV(RAND(), $D$3,$F$3) -> 0.83617083 | K19: =NORMINV(RAND(), $D$2,$F$2) -> 1.6364801 | L19: =IF(J19>K19, "A", IF(J19=K19, "T", "H")) -> H | N19: =N18+1 -> 18 | O19: =NORMINV(RAND(), $D$11,$F$11) -> 0.34975071 | P19: =NORMINV(RAND(), $D$10,$F$10) -> 1.009963 | Q19: =IF(O19>P19, "A", IF(O19=P19, "T", "H")) -> H
I20: 19 | J20: =NORMINV(RAND(), $D$3,$F$3) -> 0.99540772 | K20: =NORMINV(RAND(), $D$2,$F$2) -> 2.5805708 | L20: =IF(J20>K20, "A", IF(J20=K20, "T", "H")) -> H | N20: =N19+1 -> 19 | O20: =NORMINV(RAND(), $D$11,$F$11) -> 0.77138336 | P20: =NORMINV(RAND(), $D$10,$F$10) -> 1.0546478 | Q20: =IF(O20>P20, "A", IF(O20=P20, "T", "H")) -> H
I21: 20 | J21: =NORMINV(RAND(), $D$3,$F$3) -> 1.788774 | K21: =NORMINV(RAND(), $D$2,$F$2) -> 1.7502601 | L21: =IF(J21>K21, "A", IF(J21=K21, "T", "H")) -> A | N21: =N20+1 -> 20 | O21: =NORMINV(RAND(), $D$11,$F$11) -> 1.5449619 | P21: =NORMINV(RAND(), $D$10,$F$10) -> 1.9136331 | Q21: =IF(O21>P21, "A", IF(O21=P21, "T", "H")) -> H
I22: 21 | J22: =NORMINV(RAND(), $D$3,$F$3) -> 1.1600905 | K22: =NORMINV(RAND(), $D$2,$F$2) -> 0.83355609 | L22: =IF(J22>K22, "A", IF(J22=K22, "T", "H")) -> A | N22: =N21+1 -> 21 | O22: =NORMINV(RAND(), $D$11,$F$11) -> 0.49553455 | P22: =NORMINV(RAND(), $D$10,$F$10) -> 1.3191529 | Q22: =IF(O22>P22, "A", IF(O22=P22, "T", "H")) -> H
I23: 22 | J23: =NORMINV(RAND(), $D$3,$F$3) -> 1.1164666 | K23: =NORMINV(RAND(), $D$2,$F$2) -> 1.9783818 | L23: =IF(J23>K23, "A", IF(J23=K23, "T", "H")) -> H | N23: =N22+1 -> 22 | O23: =NORMINV(RAND(), $D$11,$F$11) -> 1.2693922 | P23: =NORMINV(RAND(), $D$10,$F$10) -> 1.8891304 | Q23: =IF(O23>P23, "A", IF(O23=P23, "T", "H")) -> H
... I10000: 9999 | J10000: =NORMINV(RAND(), $D$3,$F$3) -> -0.084613266 | K10000: =NORMINV(RAND(), $D$2,$F$2) -> 1.3211812 | L10000: =IF(J10000>K10000, "A", IF(J10000=K10000, "T", "H")) -> H | N10000: =N9999+1 -> 9999 | O10000: =NORMINV(RAND(), $D$11,$F$11) -> 1.4455971 | P10000: =NORMINV(RAND(), $D$10,$F$10) -> 2.2047714 | Q10000: =IF(O10000>P10000, "A", IF(O10000=P10000, "T", "H")) -> H

Sheet teamStats
A1: Wk | B1: Day | C1: Date | D1: Home | E1: xG | F1: Score | G1: xGa | H1: Away | I1: Venue | J1: Home goals | K1: Away goals | M1: Home | O1: Away
A2: 1 | B2: Fri | C2: 2024-08-16 | D2: Manchester Utd | E2: 2.4 | F2: 1–0 | G2: 0.4 | H2: Fulham | I2: Old Trafford | J2: =IF(F2<>"", VALUE(LEFT(SUBSTITUTE(F2, "–", "-"), FIND("-", SUBSTITUTE(F2, "–", "-")) - 1)), "") -> 1 | K2: =IF(F2<>"", VALUE(RIGHT(SUBSTITUTE(F2, "–", "-"), LEN(SUBSTITUTE(F2, "–", "-")) - FIND("-", SUBSTITUTE(F2, "–", "-")))), "") -> 0 | M2: Average for | N2: Average against | O2: Average for | P2: Average against
A3: 1 | B3: Sat | C3: 2024-08-17 | D3: Ipswich Town | E3: 0.5 | F3: 0–2 | G3: 2.6 | H3: Liverpool | I3: Portman Road Stadium | J3: =IF(F3<>"", VALUE(LEFT(SUBSTITUTE(F3, "–", "-"), FIND("-", SUBSTITUTE(F3, "–", "-")) - 1)), "") -> 0 | K3: =IF(F3<>"", VALUE(RIGHT(SUBSTITUTE(F3, "–", "-"), LEN(SUBSTITUTE(F3, "–", "-")) - FIND("-", SUBSTITUTE(F3, "–", "-")))), "") -> 2 | M3: =AVERAGE(J2:J381) -> 1.5111111 | N3: =AVERAGE(K2:K381) -> 1.3888889 | O3: =AVERAGE(K2:K381) -> 1.3888889 | P3: =AVERAGE(J2:J381) -> 1.5111111
A4: 1 | B4: Sat | C4: 2024-08-17 | D4: Newcastle Utd | E4: 0.3 | F4: 1–0 | G4: 1.8 | H4: Southampton | I4: St James' Park | J4: =IF(F4<>"", VALUE(LEFT(SUBSTITUTE(F4, "–", "-"), FIND("-", SUBSTITUTE(F4, "–", "-")) - 1)), "") -> 1 | K4: =IF(F4<>"", VALUE(RIGHT(SUBSTITUTE(F4, "–", "-"), LEN(SUBSTITUTE(F4, "–", "-")) - FIND("-", SUBSTITUTE(F4, "–", "-")))), "") -> 0
A5: 1 | B5: Sat | C5: 2024-08-17 | D5: Nott'ham Forest | E5: 1.3 | F5: 1–1 | G5: 1.2 | H5: Bournemouth | I5: The City Ground | J5: =IF(F5<>"", VALUE(LEFT(SUBSTITUTE(F5, "–", "-"), FIND("-", SUBSTITUTE(F5, "–", "-")) - 1)), "") -> 1 | K5: =IF(F5<>"", VALUE(RIGHT(SUBSTITUTE(F5, "–", "-"), LEN(SUBSTITUTE(F5, "–", "-")) - FIND("-", SUBSTITUTE(F5, "–", "-")))), "") -> 1
A6: 1 | B6: Sat | C6: 2024-08-17 | D6: Everton | E6: 0.5 | F6: 0–3 | G6: 1.4 | H6: Brighton | I6: Goodison Park | J6: =IF(F6<>"", VALUE(LEFT(SUBSTITUTE(F6, "–", "-"), FIND("-", SUBSTITUTE(F6, "–", "-")) - 1)), "") -> 0 | K6: =IF(F6<>"", VALUE(RIGHT(SUBSTITUTE(F6, "–", "-"), LEN(SUBSTITUTE(F6, "–", "-")) - FIND("-", SUBSTITUTE(F6, "–", "-")))), "") -> 3
A7: 1 | B7: Sat | C7: 2024-08-17 | D7: Arsenal | E7: 1.2 | F7: 2–0 | G7: 0.5 | H7: Wolves | I7: Emirates Stadium | J7: =IF(F7<>"", VALUE(LEFT(SUBSTITUTE(F7, "–", "-"), FIND("-", SUBSTITUTE(F7, "–", "-")) - 1)), "") -> 2 | K7: =IF(F7<>"", VALUE(RIGHT(SUBSTITUTE(F7, "–", "-"), LEN(SUBSTITUTE(F7, "–", "-")) - FIND("-", SUBSTITUTE(F7, "–", "-")))), "") -> 0
A8: 1 | B8: Sat | C8: 2024-08-17 | D8: West Ham | E8: 2.3 | F8: 1–2 | G8: 2.0 | H8: Aston Villa | I8: London Stadium | J8: =IF(F8<>"", VALUE(LEFT(SUBSTITUTE(F8, "–", "-"), FIND("-", SUBSTITUTE(F8, "–", "-")) - 1)), "") -> 1 | K8: =IF(F8<>"", VALUE(RIGHT(SUBSTITUTE(F8, "–", "-"), LEN(SUBSTITUTE(F8, "–", "-")) - FIND("-", SUBSTITUTE(F8, "–", "-")))), "") -> 2
A9: 1 | B9: Sun | C9: 2024-08-18 | D9: Brentford | E9: 1.6 | F9: 2–1 | G9: 1.2 | H9: Crystal Palace | I9: Gtech Community Stadium | J9: =IF(F9<>"", VALUE(LEFT(SUBSTITUTE(F9, "–", "-"), FIND("-", SUBSTITUTE(F9, "–", "-")) - 1)), "") -> 2 | K9: =IF(F9<>"", VALUE(RIGHT(SUBSTITUTE(F9, "–", "-"), LEN(SUBSTITUTE(F9, "–", "-")) - FIND("-", SUBSTITUTE(F9, "–", "-")))), "") -> 1
A10: 1 | B10: Sun | C10: 2024-08-18 | D10: Chelsea | E10: 1.0 | F10: 0–2 | G10: 0.8 | H10: Manchester City | I10: Stamford Bridge | J10: =IF(F10<>"", VALUE(LEFT(SUBSTITUTE(F10, "–", "-"), FIND("-", SUBSTITUTE(F10, "–", "-")) - 1)), "") -> 0 | K10: =IF(F10<>"", VALUE(RIGHT(SUBSTITUTE(F10, "–", "-"), LEN(SUBSTITUTE(F10, "–", "-")) - FIND("-", SUBSTITUTE(F10, "–", "-")))), "") -> 2
A11: 1 | B11: Mon | C11: 2024-08-19 | D11: Leicester City | E11: 1.0 | F11: 1–1 | G11: 1.2 | H11: Tottenham | I11: King Power Stadium | J11: =IF(F11<>"", VALUE(LEFT(SUBSTITUTE(F11, "–", "-"), FIND("-", SUBSTITUTE(F11, "–", "-")) - 1)), "") -> 1 | K11: =IF(F11<>"", VALUE(RIGHT(SUBSTITUTE(F11, "–", "-"), LEN(SUBSTITUTE(F11, "–", "-")) - FIND("-", SUBSTITUTE(F11, "–", "-")))), "") -> 1
A12: 2 | B12: Sat | C12: 2024-08-24 | D12: Brighton | E12: 2.1 | F12: 2–1 | G12: 1.4 | H12: Manchester Utd | I12: The American Express Stadium | J12: =IF(F12<>"", VALUE(LEFT(SUBSTITUTE(F12, "–", "-"), FIND("-", SUBSTITUTE(F12, "–", "-")) - 1)), "") -> 2 | K12: =IF(F12<>"", VALUE(RIGHT(SUBSTITUTE(F12, "–", "-"), LEN(SUBSTITUTE(F12, "–", "-")) - FIND("-", SUBSTITUTE(F12, "–", "-")))), "") -> 1
A13: 2 | B13: Sat | C13: 2024-08-24 | D13: Tottenham | E13: 2.4 | F13: 4–0 | G13: 1.0 | H13: Everton | I13: Tottenham Hotspur Stadium | J13: =IF(F13<>"", VALUE(LEFT(SUBSTITUTE(F13, "–", "-"), FIND("-", SUBSTITUTE(F13, "–", "-")) - 1)), "") -> 4 | K13: =IF(F13<>"", VALUE(RIGHT(SUBSTITUTE(F13, "–", "-"), LEN(SUBSTITUTE(F13, "–", "-")) - FIND("-", SUBSTITUTE(F13, "–", "-")))), "") -> 0
A14: 2 | B14: Sat | C14: 2024-08-24 | D14: Fulham | E14: 1.8 | F14: 2–1 | G14: 0.6 | H14: Leicester City | I14: Craven Cottage | J14: =IF(F14<>"", VALUE(LEFT(SUBSTITUTE(F14, "–", "-"), FIND("-", SUBSTITUTE(F14, "–", "-")) - 1)), "") -> 2 | K14: =IF(F14<>"", VALUE(RIGHT(SUBSTITUTE(F14, "–", "-"), LEN(SUBSTITUTE(F14, "–", "-")) - FIND("-", SUBSTITUTE(F14, "–", "-")))), "") -> 1
A15: 2 | B15: Sat | C15: 2024-08-24 | D15: Crystal Palace | E15: 1.3 | F15: 0–2 | G15: 1.4 | H15: West Ham | I15: Selhurst Park | J15: =IF(F15<>"", VALUE(LEFT(SUBSTITUTE(F15, "–", "-"), FIND("-", SUBSTITUTE(F15, "–", "-")) - 1)), "") -> 0 | K15: =IF(F15<>"", VALUE(RIGHT(SUBSTITUTE(F15, "–", "-"), LEN(SUBSTITUTE(F15, "–", "-")) - FIND("-", SUBSTITUTE(F15, "–", "-")))), "") -> 2
... A91: 9 | B91: Sun | C91: 2024-10-27 | D91: Arsenal | E91: 0.9 | F91: 2–2 | G91: 0.8 | H91: Liverpool | I91: Emirates Stadium | J91: =IF(F91<>"", VALUE(LEFT(SUBSTITUTE(F91, "–", "-"), FIND("-", SUBSTITUTE(F91, "–", "-")) - 1)), "") -> 2 | K91: =IF(F91<>"", VALUE(RIGHT(SUBSTITUTE(F91, "–", "-"), LEN(SUBSTITUTE(F91, "–", "-")) - FIND("-", SUBSTITUTE(F91, "–", "-")))), "") -> 2
A92: 10 | B92: Sat | C92: 2024-11-02 | D92: Newcastle Utd | H92: Arsenal | I92: St James' Park | J92: =IF(F92<>"", VALUE(LEFT(SUBSTITUTE(F92, "–", "-"), FIND("-", SUBSTITUTE(F92, "–", "-")) - 1)), "") | K92: =IF(F92<>"", VALUE(RIGHT(SUBSTITUTE(F92, "–", "-"), LEN(SUBSTITUTE(F92, "–", "-")) - FIND("-", SUBSTITUTE(F92, "–", "-")))), "")
A93: 10 | B93: Sat | C93: 2024-11-02 | D93: Southampton | H93: Everton | I93: St Mary's Stadium | J93: =IF(F93<>"", VALUE(LEFT(SUBSTITUTE(F93, "–", "-"), FIND("-", SUBSTITUTE(F93, "–", "-")) - 1)), "") | K93: =IF(F93<>"", VALUE(RIGHT(SUBSTITUTE(F93, "–", "-"), LEN(SUBSTITUTE(F93, "–", "-")) - FIND("-", SUBSTITUTE(F93, "–", "-")))), "")
A94: 10 | B94: Sat | C94: 2024-11-02 | D94: Liverpool | H94: Brighton | I94: Anfield | J94: =IF(F94<>"", VALUE(LEFT(SUBSTITUTE(F94, "–", "-"), FIND("-", SUBSTITUTE(F94, "–", "-")) - 1)), "") | K94: =IF(F94<>"", VALUE(RIGHT(SUBSTITUTE(F94, "–", "-"), LEN(SUBSTITUTE(F94, "–", "-")) - FIND("-", SUBSTITUTE(F94, "–", "-")))), "")
A95: 10 | B95: Sat | C95: 2024-11-02 | D95: Nott'ham Forest | H95: West Ham | I95: The City Ground | J95: =IF(F95<>"", VALUE(LEFT(SUBSTITUTE(F95, "–", "-"), FIND("-", SUBSTITUTE(F95, "–", "-")) - 1)), "") | K95: =IF(F95<>"", VALUE(RIGHT(SUBSTITUTE(F95, "–", "-"), LEN(SUBSTITUTE(F95, "–", "-")) - FIND("-", SUBSTITUTE(F95, "–", "-")))), "")
A96: 10 | B96: Sat | C96: 2024-11-02 | D96: Ipswich Town | H96: Leicester City | I96: Portman Road Stadium | J96: =IF(F96<>"", VALUE(LEFT(SUBSTITUTE(F96, "–", "-"), FIND("-", SUBSTITUTE(F96, "–", "-")) - 1)), "") | K96: =IF(F96<>"", VALUE(RIGHT(SUBSTITUTE(F96, "–", "-"), LEN(SUBSTITUTE(F96, "–", "-")) - FIND("-", SUBSTITUTE(F96, "–", "-")))), "")
A97: 10 | B97: Sat | C97: 2024-11-02 | D97: Bournemouth | H97: Manchester City | I97: Vitality Stadium | J97: =IF(F97<>"", VALUE(LEFT(SUBSTITUTE(F97, "–", "-"), FIND("-", SUBSTITUTE(F97, "–", "-")) - 1)), "") | K97: =IF(F97<>"", VALUE(RIGHT(SUBSTITUTE(F97, "–", "-"), LEN(SUBSTITUTE(F97, "–", "-")) - FIND("-", SUBSTITUTE(F97, "–", "-")))), "")
A98: 10 | B98: Sat | C98: 2024-11-02 | D98: Wolves | H98: Crystal Palace | I98: Molineux Stadium | J98: =IF(F98<>"", VALUE(LEFT(SUBSTITUTE(F98, "–", "-"), FIND("-", SUBSTITUTE(F98, "–", "-")) - 1)), "") | K98: =IF(F98<>"", VALUE(RIGHT(SUBSTITUTE(F98, "–", "-"), LEN(SUBSTITUTE(F98, "–", "-")) - FIND("-", SUBSTITUTE(F98, "–", "-")))), "")
A99: 10 | B99: Sun | C99: 2024-11-03 | D99: Tottenham | H99: Aston Villa | I99: Tottenham Hotspur Stadium | J99: =IF(F99<>"", VALUE(LEFT(SUBSTITUTE(F99, "–", "-"), FIND("-", SUBSTITUTE(F99, "–", "-")) - 1)), "") | K99: =IF(F99<>"", VALUE(RIGHT(SUBSTITUTE(F99, "–", "-"), LEN(SUBSTITUTE(F99, "–", "-")) - FIND("-", SUBSTITUTE(F99, "–", "-")))), "")
A100: 10 | B100: Sun | C100: 2024-11-03 | D100: Manchester Utd | H100: Chelsea | I100: Old Trafford | J100: =IF(F100<>"", VALUE(LEFT(SUBSTITUTE(F100, "–", "-"), FIND("-", SUBSTITUTE(F100, "–", "-")) - 1)), "") | K100: =IF(F100<>"", VALUE(RIGHT(SUBSTITUTE(F100, "–", "-"), LEN(SUBSTITUTE(F100, "–", "-")) - FIND("-", SUBSTITUTE(F100, "–", "-")))), "")
A101: 10 | B101: Mon | C101: 2024-11-04 | D101: Fulham | H101: Brentford | I101: Craven Cottage | J101: =IF(F101<>"", VALUE(LEFT(SUBSTITUTE(F101, "–", "-"), FIND("-", SUBSTITUTE(F101, "–", "-")) - 1)), "") | K101: =IF(F101<>"", VALUE(RIGHT(SUBSTITUTE(F101, "–", "-"), LEN(SUBSTITUTE(F101, "–", "-")) - FIND("-", SUBSTITUTE(F101, "–", "-")))), "")
A102: 11 | B102: Sat | C102: 2024-11-09 | D102: Brentford | H102: Bournemouth | I102: Gtech Community Stadium | J102: =IF(F102<>"", VALUE(LEFT(SUBSTITUTE(F102, "–", "-"), FIND("-", SUBSTITUTE(F102, "–", "-")) - 1)), "") | K102: =IF(F102<>"", VALUE(RIGHT(SUBSTITUTE(F102, "–", "-"), LEN(SUBSTITUTE(F102, "–", "-")) - FIND("-", SUBSTITUTE(F102, "–", "-")))), "")
A103: 11 | B103: Sat | C103: 2024-11-09 | D103: West Ham | H103: Everton | I103: London Stadium | J103: =IF(F103<>"", VALUE(LEFT(SUBSTITUTE(F103, "–", "-"), FIND("-", SUBSTITUTE(F103, "–", "-")) - 1)), "") | K103: =IF(F103<>"", VALUE(RIGHT(SUBSTITUTE(F103, "–", "-"), LEN(SUBSTITUTE(F103, "–", "-")) - FIND("-", SUBSTITUTE(F103, "–", "-")))), "")
... A381: 38 | B381: Sun | C381: 2025-05-25 | D381: Tottenham | H381: Brighton | I381: Tottenham Hotspur Stadium | J381: =IF(F381<>"", VALUE(LEFT(SUBSTITUTE(F381, "–", "-"), FIND("-", SUBSTITUTE(F381, "–", "-")) - 1)), "") | K381: =IF(F381<>"", VALUE(RIGHT(SUBSTITUTE(F381, "–", "-"), LEN(SUBSTITUTE(F381, "–", "-")) - FIND("-", SUBSTITUTE(F381, "–", "-")))), "")

Sheet homeStats2
A1: Wk | B1: Day | C1: Date | D1: Home | E1: xG | F1: Score | G1: xGa | H1: Away | I1: Venue | J1: Home goals | K1: Away goals | L1: Row number | N1: Home | P1: Away
A2: 6 | B2: Sat | C2: 2024-09-28 | D2: Arsenal | E2: 4.4 | F2: 4–2 | G2: 0.3 | H2: Leicester City | I2: Emirates Stadium | J2: =IF(F2<>"", VALUE(LEFT(SUBSTITUTE(F2, "–", "-"), FIND("-", SUBSTITUTE(F2, "–", "-")) - 1)), "") -> 4 | K2: =IF(F2<>"", VALUE(RIGHT(SUBSTITUTE(F2, "–", "-"), LEN(SUBSTITUTE(F2, "–", "-")) - FIND("-", SUBSTITUTE(F2, "–", "-")))), "") -> 2 | L2: 2 | N2: Average for | O2: Average against | P2: Average for | Q2: Average against
A3: 30 | B3: Tue | C3: 2025-04-01 | D3: Arsenal | H3: Fulham | I3: Emirates Stadium | J3: =IF(F3<>"", VALUE(LEFT(SUBSTITUTE(F3, "–", "-"), FIND("-", SUBSTITUTE(F3, "–", "-")) - 1)), "") | K3: =IF(F3<>"", VALUE(RIGHT(SUBSTITUTE(F3, "–", "-"), LEN(SUBSTITUTE(F3, "–", "-")) - FIND("-", SUBSTITUTE(F3, "–", "-")))), "") | L3: =L2+1 -> 3 | N3: =AVERAGE(J2:J381) -> 1.5111111 | O3: =AVERAGE(K2:K381) -> 1.3888889 | P3: =AVERAGE(K2:K381) -> 1.3888889 | Q3: =AVERAGE(J2:J381) -> 1.5111111
A4: 35 | B4: Sat | C4: 2025-05-03 | D4: Arsenal | H4: Bournemouth | I4: Emirates Stadium | J4: =IF(F4<>"", VALUE(LEFT(SUBSTITUTE(F4, "–", "-"), FIND("-", SUBSTITUTE(F4, "–", "-")) - 1)), "") | K4: =IF(F4<>"", VALUE(RIGHT(SUBSTITUTE(F4, "–", "-"), LEN(SUBSTITUTE(F4, "–", "-")) - FIND("-", SUBSTITUTE(F4, "–", "-")))), "") | L4: =L3+1 -> 4
A5: 18 | B5: Fri | C5: 2024-12-27 | D5: Arsenal | H5: Ipswich Town | I5: Emirates Stadium | J5: =IF(F5<>"", VALUE(LEFT(SUBSTITUTE(F5, "–", "-"), FIND("-", SUBSTITUTE(F5, "–", "-")) - 1)), "") | K5: =IF(F5<>"", VALUE(RIGHT(SUBSTITUTE(F5, "–", "-"), LEN(SUBSTITUTE(F5, "–", "-")) - FIND("-", SUBSTITUTE(F5, "–", "-")))), "") | L5: =L4+1 -> 5
A6: 16 | B6: Sat | C6: 2024-12-14 | D6: Arsenal | H6: Everton | I6: Emirates Stadium | J6: =IF(F6<>"", VALUE(LEFT(SUBSTITUTE(F6, "–", "-"), FIND("-", SUBSTITUTE(F6, "–", "-")) - 1)), "") | K6: =IF(F6<>"", VALUE(RIGHT(SUBSTITUTE(F6, "–", "-"), LEN(SUBSTITUTE(F6, "–", "-")) - FIND("-", SUBSTITUTE(F6, "–", "-")))), "") | L6: =L5+1 -> 6
A7: 37 | B7: Sun | C7: 2025-05-18 | D7: Arsenal | H7: Newcastle Utd | I7: Emirates Stadium | J7: =IF(F7<>"", VALUE(LEFT(SUBSTITUTE(F7, "–", "-"), FIND("-", SUBSTITUTE(F7, "–", "-")) - 1)), "") | K7: =IF(F7<>"", VALUE(RIGHT(SUBSTITUTE(F7, "–", "-"), LEN(SUBSTITUTE(F7, "–", "-")) - FIND("-", SUBSTITUTE(F7, "–", "-")))), "") | L7: =L6+1 -> 7
A8: 29 | B8: Sat | C8: 2025-03-15 | D8: Arsenal | H8: Chelsea | I8: Emirates Stadium | J8: =IF(F8<>"", VALUE(LEFT(SUBSTITUTE(F8, "–", "-"), FIND("-", SUBSTITUTE(F8, "–", "-")) - 1)), "") | K8: =IF(F8<>"", VALUE(RIGHT(SUBSTITUTE(F8, "–", "-"), LEN(SUBSTITUTE(F8, "–", "-")) - FIND("-", SUBSTITUTE(F8, "–", "-")))), "") | L8: =L7+1 -> 8
A9: 21 | B9: Wed | C9: 2025-01-15 | D9: Arsenal | H9: Tottenham | I9: Emirates Stadium | J9: =IF(F9<>"", VALUE(LEFT(SUBSTITUTE(F9, "–", "-"), FIND("-", SUBSTITUTE(F9, "–", "-")) - 1)), "") | K9: =IF(F9<>"", VALUE(RIGHT(SUBSTITUTE(F9, "–", "-"), LEN(SUBSTITUTE(F9, "–", "-")) - FIND("-", SUBSTITUTE(F9, "–", "-")))), "") | L9: =L8+1 -> 9
A10: 14 | B10: Wed | C10: 2024-12-04 | D10: Arsenal | H10: Manchester Utd | I10: Emirates Stadium | J10: =IF(F10<>"", VALUE(LEFT(SUBSTITUTE(F10, "–", "-"), FIND("-", SUBSTITUTE(F10, "–", "-")) - 1)), "") | K10: =IF(F10<>"", VALUE(RIGHT(SUBSTITUTE(F10, "–", "-"), LEN(SUBSTITUTE(F10, "–", "-")) - FIND("-", SUBSTITUTE(F10, "–", "-")))), "") | L10: =L9+1 -> 10
A11: 32 | B11: Sat | C11: 2025-04-12 | D11: Arsenal | H11: Brentford | I11: Emirates Stadium | J11: =IF(F11<>"", VALUE(LEFT(SUBSTITUTE(F11, "–", "-"), FIND("-", SUBSTITUTE(F11, "–", "-")) - 1)), "") | K11: =IF(F11<>"", VALUE(RIGHT(SUBSTITUTE(F11, "–", "-"), LEN(SUBSTITUTE(F11, "–", "-")) - FIND("-", SUBSTITUTE(F11, "–", "-")))), "") | L11: =L10+1 -> 11
A12: 22 | B12: Sat | C12: 2025-01-18 | D12: Arsenal | H12: Aston Villa | I12: Emirates Stadium | J12: =IF(F12<>"", VALUE(LEFT(SUBSTITUTE(F12, "–", "-"), FIND("-", SUBSTITUTE(F12, "–", "-")) - 1)), "") | K12: =IF(F12<>"", VALUE(RIGHT(SUBSTITUTE(F12, "–", "-"), LEN(SUBSTITUTE(F12, "–", "-")) - FIND("-", SUBSTITUTE(F12, "–", "-")))), "") | L12: =L11+1 -> 12
A13: 9 | B13: Sun | C13: 2024-10-27 | D13: Arsenal | E13: 0.9 | F13: 2–2 | G13: 0.8 | H13: Liverpool | I13: Emirates Stadium | J13: =IF(F13<>"", VALUE(LEFT(SUBSTITUTE(F13, "–", "-"), FIND("-", SUBSTITUTE(F13, "–", "-")) - 1)), "") -> 2 | K13: =IF(F13<>"", VALUE(RIGHT(SUBSTITUTE(F13, "–", "-"), LEN(SUBSTITUTE(F13, "–", "-")) - FIND("-", SUBSTITUTE(F13, "–", "-")))), "") -> 2 | L13: =L12+1 -> 13
A14: 3 | B14: Sat | C14: 2024-08-31 | D14: Arsenal | E14: 2.1 | F14: 1–1 | G14: 1.7 | H14: Brighton | I14: Emirates Stadium | J14: =IF(F14<>"", VALUE(LEFT(SUBSTITUTE(F14, "–", "-"), FIND("-", SUBSTITUTE(F14, "–", "-")) - 1)), "") -> 1 | K14: =IF(F14<>"", VALUE(RIGHT(SUBSTITUTE(F14, "–", "-"), LEN(SUBSTITUTE(F14, "–", "-")) - FIND("-", SUBSTITUTE(F14, "–", "-")))), "") -> 1 | L14: =L13+1 -> 14
A15: 24 | B15: Sat | C15: 2025-02-01 | D15: Arsenal | H15: Manchester City | I15: Emirates Stadium | J15: =IF(F15<>"", VALUE(LEFT(SUBSTITUTE(F15, "–", "-"), FIND("-", SUBSTITUTE(F15, "–", "-")) - 1)), "") | K15: =IF(F15<>"", VALUE(RIGHT(SUBSTITUTE(F15, "–", "-"), LEN(SUBSTITUTE(F15, "–", "-")) - FIND("-", SUBSTITUTE(F15, "–", "-")))), "") | L15: =L14+1 -> 15
A16: 7 | B16: Sat | C16: 2024-10-05 | D16: Arsenal | E16: 2.8 | F16: 3–1 | G16: 0.6 | H16: Southampton | I16: Emirates Stadium | J16: =IF(F16<>"", VALUE(LEFT(SUBSTITUTE(F16, "–", "-"), FIND("-", SUBSTITUTE(F16, "–", "-")) - 1)), "") -> 3 | K16: =IF(F16<>"", VALUE(RIGHT(SUBSTITUTE(F16, "–", "-"), LEN(SUBSTITUTE(F16, "–", "-")) - FIND("-", SUBSTITUTE(F16, "–", "-")))), "") -> 1 | L16: =L15+1 -> 16
A17: 1 | B17: Sat | C17: 2024-08-17 | D17: Arsenal | E17: 1.2 | F17: 2–0 | G17: 0.5 | H17: Wolves | I17: Emirates Stadium | J17: =IF(F17<>"", VALUE(LEFT(SUBSTITUTE(F17, "–", "-"), FIND("-", SUBSTITUTE(F17, "–", "-")) - 1)), "") -> 2 | K17: =IF(F17<>"", VALUE(RIGHT(SUBSTITUTE(F17, "–", "-"), LEN(SUBSTITUTE(F17, "–", "-")) - FIND("-", SUBSTITUTE(F17, "–", "-")))), "") -> 0 | L17: =L16+1 -> 17
A18: 12 | B18: Sat | C18: 2024-11-23 | D18: Arsenal | H18: Nott'ham Forest | I18: Emirates Stadium | J18: =IF(F18<>"", VALUE(LEFT(SUBSTITUTE(F18, "–", "-"), FIND("-", SUBSTITUTE(F18, "–", "-")) - 1)), "") | K18: =IF(F18<>"", VALUE(RIGHT(SUBSTITUTE(F18, "–", "-"), LEN(SUBSTITUTE(F18, "–", "-")) - FIND("-", SUBSTITUTE(F18, "–", "-")))), "") | L18: =L17+1 -> 18
A19: 26 | B19: Sat | C19: 2025-02-22 | D19: Arsenal | H19: West Ham | I19: Emirates Stadium | J19: =IF(F19<>"", VALUE(LEFT(SUBSTITUTE(F19, "–", "-"), FIND("-", SUBSTITUTE(F19, "–", "-")) - 1)), "") | K19: =IF(F19<>"", VALUE(RIGHT(SUBSTITUTE(F19, "–", "-"), LEN(SUBSTITUTE(F19, "–", "-")) - FIND("-", SUBSTITUTE(F19, "–", "-")))), "") | L19: =L18+1 -> 19
A20: 34 | B20: Sat | C20: 2025-04-26 | D20: Arsenal | H20: Crystal Palace | I20: Emirates Stadium | J20: =IF(F20<>"", VALUE(LEFT(SUBSTITUTE(F20, "–", "-"), FIND("-", SUBSTITUTE(F20, "–", "-")) - 1)), "") | K20: =IF(F20<>"", VALUE(RIGHT(SUBSTITUTE(F20, "–", "-"), LEN(SUBSTITUTE(F20, "–", "-")) - FIND("-", SUBSTITUTE(F20, "–", "-")))), "") | L20: =L19+1 -> 20
A21: 7 | B21: Sun | C21: 2024-10-06 | D21: Aston Villa | E21: 0.5 | F21: 0–0 | G21: 0.6 | H21: Manchester Utd | I21: Villa Park | J21: =IF(F21<>"", VALUE(LEFT(SUBSTITUTE(F21, "–", "-"), FIND("-", SUBSTITUTE(F21, "–", "-")) - 1)), "") -> 0 | K21: =IF(F21<>"", VALUE(RIGHT(SUBSTITUTE(F21, "–", "-"), LEN(SUBSTITUTE(F21, "–", "-")) - FIND("-", SUBSTITUTE(F21, "–", "-")))), "") -> 0 | L21: =L20+1 -> 21
A22: 35 | B22: Sat | C22: 2025-05-03 | D22: Aston Villa | H22: Fulham | I22: Villa Park | J22: =IF(F22<>"", VALUE(LEFT(SUBSTITUTE(F22, "–", "-"), FIND("-", SUBSTITUTE(F22, "–", "-")) - 1)), "") | K22: =IF(F22<>"", VALUE(RIGHT(SUBSTITUTE(F22, "–", "-"), LEN(SUBSTITUTE(F22, "–", "-")) - FIND("-", SUBSTITUTE(F22, "–", "-")))), "") | L22: =L21+1 -> 22
A23: 26 | B23: Sat | C23: 2025-02-22 | D23: Aston Villa | H23: Chelsea | I23: Villa Park | J23: =IF(F23<>"", VALUE(LEFT(SUBSTITUTE(F23, "–", "-"), FIND("-", SUBSTITUTE(F23, "–", "-")) - 1)), "") | K23: =IF(F23<>"", VALUE(RIGHT(SUBSTITUTE(F23, "–", "-"), LEN(SUBSTITUTE(F23, "–", "-")) - FIND("-", SUBSTITUTE(F23, "–", "-")))), "") | L23: =L22+1 -> 23
A24: 33 | B24: Sat | C24: 2025-04-19 | D24: Aston Villa | H24: Newcastle Utd | I24: Villa Park | J24: =IF(F24<>"", VALUE(LEFT(SUBSTITUTE(F24, "–", "-"), FIND("-", SUBSTITUTE(F24, "–", "-")) - 1)), "") | K24: =IF(F24<>"", VALUE(RIGHT(SUBSTITUTE(F24, "–", "-"), LEN(SUBSTITUTE(F24, "–", "-")) - FIND("-", SUBSTITUTE(F24, "–", "-")))), "") | L24: =L23+1 -> 24
A25: 31 | B25: Sat | C25: 2025-04-05 | D25: Aston Villa | H25: Nott'ham Forest | I25: Villa Park | J25: =IF(F25<>"", VALUE(LEFT(SUBSTITUTE(F25, "–", "-"), FIND("-", SUBSTITUTE(F25, "–", "-")) - 1)), "") | K25: =IF(F25<>"", VALUE(RIGHT(SUBSTITUTE(F25, "–", "-"), LEN(SUBSTITUTE(F25, "–", "-")) - FIND("-", SUBSTITUTE(F25, "–", "-")))), "") | L25: =L24+1 -> 25
A26: 19 | B26: Mon | C26: 2024-12-30 | D26: Aston Villa | H26: Brighton | I26: Villa Park | J26: =IF(F26<>"", VALUE(LEFT(SUBSTITUTE(F26, "–", "-"), FIND("-", SUBSTITUTE(F26, "–", "-")) - 1)), "") | K26: =IF(F26<>"", VALUE(RIGHT(SUBSTITUTE(F26, "–", "-"), LEN(SUBSTITUTE(F26, "–", "-")) - FIND("-", SUBSTITUTE(F26, "–", "-")))), "") | L26: =L25+1 -> 26
A27: 5 | B27: Sat | C27: 2024-09-21 | D27: Aston Villa | E27: 1.7 | F27: 3–1 | G27: 0.5 | H27: Wolves | I27: Villa Park | J27: =IF(F27<>"", VALUE(LEFT(SUBSTITUTE(F27, "–", "-"), FIND("-", SUBSTITUTE(F27, "–", "-")) - 1)), "") -> 3 | K27: =IF(F27<>"", VALUE(RIGHT(SUBSTITUTE(F27, "–", "-"), LEN(SUBSTITUTE(F27, "–", "-")) - FIND("-", SUBSTITUTE(F27, "–", "-")))), "") -> 1 | L27: =L26+1 -> 27
A28: 20 | B28: Sat | C28: 2025-01-04 | D28: Aston Villa | H28: Leicester City | I28: Villa Park | J28: =IF(F28<>"", VALUE(LEFT(SUBSTITUTE(F28, "–", "-"), FIND("-", SUBSTITUTE(F28, "–", "-")) - 1)), "") | K28: =IF(F28<>"", VALUE(RIGHT(SUBSTITUTE(F28, "–", "-"), LEN(SUBSTITUTE(F28, "–", "-")) - FIND("-", SUBSTITUTE(F28, "–", "-")))), "") | L28: =L27+1 -> 28
A29: 29 | B29: Sat | C29: 2025-03-15 | D29: Aston Villa | H29: Liverpool | I29: Villa Park | J29: =IF(F29<>"", VALUE(LEFT(SUBSTITUTE(F29, "–", "-"), FIND("-", SUBSTITUTE(F29, "–", "-")) - 1)), "") | K29: =IF(F29<>"", VALUE(RIGHT(SUBSTITUTE(F29, "–", "-"), LEN(SUBSTITUTE(F29, "–", "-")) - FIND("-", SUBSTITUTE(F29, "–", "-")))), "") | L29: =L28+1 -> 29
A30: 15 | B30: Sat | C30: 2024-12-07 | D30: Aston Villa | H30: Southampton | I30: Villa Park | J30: =IF(F30<>"", VALUE(LEFT(SUBSTITUTE(F30, "–", "-"), FIND("-", SUBSTITUTE(F30, "–", "-")) - 1)), "") | K30: =IF(F30<>"", VALUE(RIGHT(SUBSTITUTE(F30, "–", "-"), LEN(SUBSTITUTE(F30, "–", "-")) - FIND("-", SUBSTITUTE(F30, "–", "-")))), "") | L30: =L29+1 -> 30
A31: 4 | B31: Sat | C31: 2024-09-14 | D31: Aston Villa | E31: 2.1 | F31: 3–2 | G31: 0.9 | H31: Everton | I31: Villa Park | J31: =IF(F31<>"", VALUE(LEFT(SUBSTITUTE(F31, "–", "-"), FIND("-", SUBSTITUTE(F31, "–", "-")) - 1)), "") -> 3 | K31: =IF(F31<>"", VALUE(RIGHT(SUBSTITUTE(F31, "–", "-"), LEN(SUBSTITUTE(F31, "–", "-")) - FIND("-", SUBSTITUTE(F31, "–", "-")))), "") -> 2 | L31: =L30+1 -> 31
A32: 17 | B32: Sat | C32: 2024-12-21 | D32: Aston Villa | H32: Manchester City | I32: Villa Park | J32: =IF(F32<>"", VALUE(LEFT(SUBSTITUTE(F32, "–", "-"), FIND("-", SUBSTITUTE(F32, "–", "-")) - 1)), "") | K32: =IF(F32<>"", VALUE(RIGHT(SUBSTITUTE(F32, "–", "-"), LEN(SUBSTITUTE(F32, "–", "-")) - FIND("-", SUBSTITUTE(F32, "–", "-")))), "") | L32: =L31+1 -> 32
A33: 14 | B33: Wed | C33: 2024-12-04 | D33: Aston Villa | H33: Brentford | I33: Villa Park | J33: =IF(F33<>"", VALUE(LEFT(SUBSTITUTE(F33, "–", "-"), FIND("-", SUBSTITUTE(F33, "–", "-")) - 1)), "") | K33: =IF(F33<>"", VALUE(RIGHT(SUBSTITUTE(F33, "–", "-"), LEN(SUBSTITUTE(F33, "–", "-")) - FIND("-", SUBSTITUTE(F33, "–", "-")))), "") | L33: =L32+1 -> 33
A34: 2 | B34: Sat | C34: 2024-08-24 | D34: Aston Villa | E34: 1.2 | F34: 0–2 | G34: 0.9 | H34: Arsenal | I34: Villa Park | J34: =IF(F34<>"", VALUE(LEFT(SUBSTITUTE(F34, "–", "-"), FIND("-", SUBSTITUTE(F34, "–", "-")) - 1)), "") -> 0 | K34: =IF(F34<>"", VALUE(RIGHT(SUBSTITUTE(F34, "–", "-"), LEN(SUBSTITUTE(F34, "–", "-")) - FIND("-", SUBSTITUTE(F34, "–", "-")))), "") -> 2 | L34: =L33+1 -> 34
A35: 23 | B35: Sun | C35: 2025-01-26 | D35: Aston Villa | H35: West Ham | I35: Villa Park | J35: =IF(F35<>"", VALUE(LEFT(SUBSTITUTE(F35, "–", "-"), FIND("-", SUBSTITUTE(F35, "–", "-")) - 1)), "") | K35: =IF(F35<>"", VALUE(RIGHT(SUBSTITUTE(F35, "–", "-"), LEN(SUBSTITUTE(F35, "–", "-")) - FIND("-", SUBSTITUTE(F35, "–", "-")))), "") | L35: =L34+1 -> 35
A36: 25 | B36: Sat | C36: 2025-02-15 | D36: Aston Villa | H36: Ipswich Town | I36: Villa Park | J36: =IF(F36<>"", VALUE(LEFT(SUBSTITUTE(F36, "–", "-"), FIND("-", SUBSTITUTE(F36, "–", "-")) - 1)), "") | K36: =IF(F36<>"", VALUE(RIGHT(SUBSTITUTE(F36, "–", "-"), LEN(SUBSTITUTE(F36, "–", "-")) - FIND("-", SUBSTITUTE(F36, "–", "-")))), "") | L36: =L35+1 -> 36
A37: 37 | B37: Sun | C37: 2025-05-18 | D37: Aston Villa | H37: Tottenham | I37: Villa Park | J37: =IF(F37<>"", VALUE(LEFT(SUBSTITUTE(F37, "–", "-"), FIND("-", SUBSTITUTE(F37, "–", "-")) - 1)), "") | K37: =IF(F37<>"", VALUE(RIGHT(SUBSTITUTE(F37, "–", "-"), LEN(SUBSTITUTE(F37, "–", "-")) - FIND("-", SUBSTITUTE(F37, "–", "-")))), "") | L37: =L36+1 -> 37
A38: 12 | B38: Sat | C38: 2024-11-23 | D38: Aston Villa | H38: Crystal Palace | I38: Villa Park | J38: =IF(F38<>"", VALUE(LEFT(SUBSTITUTE(F38, "–", "-"), FIND("-", SUBSTITUTE(F38, "–", "-")) - 1)), "") | K38: =IF(F38<>"", VALUE(RIGHT(SUBSTITUTE(F38, "–", "-"), LEN(SUBSTITUTE(F38, "–", "-")) - FIND("-", SUBSTITUTE(F38, "–", "-")))), "") | L38: =L37+1 -> 38
A39: 9 | B39: Sat | C39: 2024-10-26 | D39: Aston Villa | E39: 1.8 | F39: 1–1 | G39: 0.3 | H39: Bournemouth | I39: Villa Park | J39: =IF(F39<>"", VALUE(LEFT(SUBSTITUTE(F39, "–", "-"), FIND("-", SUBSTITUTE(F39, "–", "-")) - 1)), "") -> 1 | K39: =IF(F39<>"", VALUE(RIGHT(SUBSTITUTE(F39, "–", "-"), LEN(SUBSTITUTE(F39, "–", "-")) - FIND("-", SUBSTITUTE(F39, "–", "-")))), "") -> 1 | L39: =L38+1 -> 39
A40: 24 | B40: Sat | C40: 2025-02-01 | D40: Bournemouth | H40: Liverpool | I40: Vitality Stadium | J40: =IF(F40<>"", VALUE(LEFT(SUBSTITUTE(F40, "–", "-"), FIND("-", SUBSTITUTE(F40, "–", "-")) - 1)), "") | K40: =IF(F40<>"", VALUE(RIGHT(SUBSTITUTE(F40, "–", "-"), LEN(SUBSTITUTE(F40, "–", "-")) - FIND("-", SUBSTITUTE(F40, "–", "-")))), "") | L40: =L39+1 -> 40
A41: 16 | B41: Mon | C41: 2024-12-16 | D41: Bournemouth | H41: West Ham | I41: Vitality Stadium | J41: =IF(F41<>"", VALUE(LEFT(SUBSTITUTE(F41, "–", "-"), FIND("-", SUBSTITUTE(F41, "–", "-")) - 1)), "") | K41: =IF(F41<>"", VALUE(RIGHT(SUBSTITUTE(F41, "–", "-"), LEN(SUBSTITUTE(F41, "–", "-")) - FIND("-", SUBSTITUTE(F41, "–", "-")))), "") | L41: =L40+1 -> 41
A42: 6 | B42: Mon | C42: 2024-09-30 | D42: Bournemouth | E42: 1.3 | F42: 3–1 | G42: 0.6 | H42: Southampton | I42: Vitality Stadium | J42: =IF(F42<>"", VALUE(LEFT(SUBSTITUTE(F42, "–", "-"), FIND("-", SUBSTITUTE(F42, "–", "-")) - 1)), "") -> 3 | K42: =IF(F42<>"", VALUE(RIGHT(SUBSTITUTE(F42, "–", "-"), LEN(SUBSTITUTE(F42, "–", "-")) - FIND("-", SUBSTITUTE(F42, "–", "-")))), "") -> 1 | L42: =L41+1 -> 42
A43: 2 | B43: Sun | C43: 2024-08-25 | D43: Bournemouth | E43: 2.2 | F43: 1–1 | G43: 1.6 | H43: Newcastle Utd | I43: Vitality Stadium | J43: =IF(F43<>"", VALUE(LEFT(SUBSTITUTE(F43, "–", "-"), FIND("-", SUBSTITUTE(F43, "–", "-")) - 1)), "") -> 1 | K43: =IF(F43<>"", VALUE(RIGHT(SUBSTITUTE(F43, "–", "-"), LEN(SUBSTITUTE(F43, "–", "-")) - FIND("-", SUBSTITUTE(F43, "–", "-")))), "") -> 1 | L43: =L42+1 -> 43
A44: 18 | B44: Thu | C44: 2024-12-26 | D44: Bournemouth | H44: Crystal Palace | I44: Vitality Stadium | J44: =IF(F44<>"", VALUE(LEFT(SUBSTITUTE(F44, "–", "-"), FIND("-", SUBSTITUTE(F44, "–", "-")) - 1)), "") | K44: =IF(F44<>"", VALUE(RIGHT(SUBSTITUTE(F44, "–", "-"), LEN(SUBSTITUTE(F44, "–", "-")) - FIND("-", SUBSTITUTE(F44, "–", "-")))), "") | L44: =L43+1 -> 44
A45: 30 | B45: Tue | C45: 2025-04-01 | D45: Bournemouth | H45: Ipswich Town | I45: Vitality Stadium | J45: =IF(F45<>"", VALUE(LEFT(SUBSTITUTE(F45, "–", "-"), FIND("-", SUBSTITUTE(F45, "–", "-")) - 1)), "") | K45: =IF(F45<>"", VALUE(RIGHT(SUBSTITUTE(F45, "–", "-"), LEN(SUBSTITUTE(F45, "–", "-")) - FIND("-", SUBSTITUTE(F45, "–", "-")))), "") | L45: =L44+1 -> 45
A46: 23 | B46: Sat | C46: 2025-01-25 | D46: Bournemouth | H46: Nott'ham Forest | I46: Vitality Stadium | J46: =IF(F46<>"", VALUE(LEFT(SUBSTITUTE(F46, "–", "-"), FIND("-", SUBSTITUTE(F46, "–", "-")) - 1)), "") | K46: =IF(F46<>"", VALUE(RIGHT(SUBSTITUTE(F46, "–", "-"), LEN(SUBSTITUTE(F46, "–", "-")) - FIND("-", SUBSTITUTE(F46, "–", "-")))), "") | L46: =L45+1 -> 46
A47: 26 | B47: Sat | C47: 2025-02-22 | D47: Bournemouth | H47: Wolves | I47: Vitality Stadium | J47: =IF(F47<>"", VALUE(LEFT(SUBSTITUTE(F47, "–", "-"), FIND("-", SUBSTITUTE(F47, "–", "-")) - 1)), "") | K47: =IF(F47<>"", VALUE(RIGHT(SUBSTITUTE(F47, "–", "-"), LEN(SUBSTITUTE(F47, "–", "-")) - FIND("-", SUBSTITUTE(F47, "–", "-")))), "") | L47: =L46+1 -> 47
A48: 29 | B48: Sat | C48: 2025-03-15 | D48: Bournemouth | H48: Brentford | I48: Vitality Stadium | J48: =IF(F48<>"", VALUE(LEFT(SUBSTITUTE(F48, "–", "-"), FIND("-", SUBSTITUTE(F48, "–", "-")) - 1)), "") | K48: =IF(F48<>"", VALUE(RIGHT(SUBSTITUTE(F48, "–", "-"), LEN(SUBSTITUTE(F48, "–", "-")) - FIND("-", SUBSTITUTE(F48, "–", "-")))), "") | L48: =L47+1 -> 48
A49: 34 | B49: Sat | C49: 2025-04-26 | D49: Bournemouth | H49: Manchester Utd | I49: Vitality Stadium | J49: =IF(F49<>"", VALUE(LEFT(SUBSTITUTE(F49, "–", "-"), FIND("-", SUBSTITUTE(F49, "–", "-")) - 1)), "") | K49: =IF(F49<>"", VALUE(RIGHT(SUBSTITUTE(F49, "–", "-"), LEN(SUBSTITUTE(F49, "–", "-")) - FIND("-", SUBSTITUTE(F49, "–", "-")))), "") | L49: =L48+1 -> 49
A50: 10 | B50: Sat | C50: 2024-11-02 | D50: Bournemouth | H50: Manchester City | I50: Vitality Stadium | J50: =IF(F50<>"", VALUE(LEFT(SUBSTITUTE(F50, "–", "-"), FIND("-", SUBSTITUTE(F50, "–", "-")) - 1)), "") | K50: =IF(F50<>"", VALUE(RIGHT(SUBSTITUTE(F50, "–", "-"), LEN(SUBSTITUTE(F50, "–", "-")) - FIND("-", SUBSTITUTE(F50, "–", "-")))), "") | L50: =L49+1 -> 50
A51: 36 | B51: Sat | C51: 2025-05-10 | D51: Bournemouth | H51: Aston Villa | I51: Vitality Stadium | J51: =IF(F51<>"", VALUE(LEFT(SUBSTITUTE(F51, "–", "-"), FIND("-", SUBSTITUTE(F51, "–", "-")) - 1)), "") | K51: =IF(F51<>"", VALUE(RIGHT(SUBSTITUTE(F51, "–", "-"), LEN(SUBSTITUTE(F51, "–", "-")) - FIND("-", SUBSTITUTE(F51, "–", "-")))), "") | L51: =L50+1 -> 51
A52: 12 | B52: Sat | C52: 2024-11-23 | D52: Bournemouth | H52: Brighton | I52: Vitality Stadium | J52: =IF(F52<>"", VALUE(LEFT(SUBSTITUTE(F52, "–", "-"), FIND("-", SUBSTITUTE(F52, "–", "-")) - 1)), "") | K52: =IF(F52<>"", VALUE(RIGHT(SUBSTITUTE(F52, "–", "-"), LEN(SUBSTITUTE(F52, "–", "-")) - FIND("-", SUBSTITUTE(F52, "–", "-")))), "") | L52: =L51+1 -> 52
A53: 8 | B53: Sat | C53: 2024-10-19 | D53: Bournemouth | E53: 1.8 | F53: 2–0 | G53: 0.7 | H53: Arsenal | I53: Vitality Stadium | J53: =IF(F53<>"", VALUE(LEFT(SUBSTITUTE(F53, "–", "-"), FIND("-", SUBSTITUTE(F53, "–", "-")) - 1)), "") -> 2 | K53: =IF(F53<>"", VALUE(RIGHT(SUBSTITUTE(F53, "–", "-"), LEN(SUBSTITUTE(F53, "–", "-")) - FIND("-", SUBSTITUTE(F53, "–", "-")))), "") -> 0 | L53: =L52+1 -> 53
A54: 32 | B54: Sat | C54: 2025-04-12 | D54: Bournemouth | H54: Fulham | I54: Vitality Stadium | J54: =IF(F54<>"", VALUE(LEFT(SUBSTITUTE(F54, "–", "-"), FIND("-", SUBSTITUTE(F54, "–", "-")) - 1)), "") | K54: =IF(F54<>"", VALUE(RIGHT(SUBSTITUTE(F54, "–", "-"), LEN(SUBSTITUTE(F54, "–", "-")) - FIND("-", SUBSTITUTE(F54, "–", "-")))), "") | L54: =L53+1 -> 54
A55: 4 | B55: Sat | C55: 2024-09-14 | D55: Bournemouth | E55: 1.7 | F55: 0–1 | G55: 0.8 | H55: Chelsea | I55: Vitality Stadium | J55: =IF(F55<>"", VALUE(LEFT(SUBSTITUTE(F55, "–", "-"), FIND("-", SUBSTITUTE(F55, "–", "-")) - 1)), "") -> 0 | K55: =IF(F55<>"", VALUE(RIGHT(SUBSTITUTE(F55, "–", "-"), LEN(SUBSTITUTE(F55, "–", "-")) - FIND("-", SUBSTITUTE(F55, "–", "-")))), "") -> 1 | L55: =L54+1 -> 55
A56: 38 | B56: Sun | C56: 2025-05-25 | D56: Bournemouth | H56: Leicester City | I56: Vitality Stadium | J56: =IF(F56<>"", VALUE(LEFT(SUBSTITUTE(F56, "–", "-"), FIND("-", SUBSTITUTE(F56, "–", "-")) - 1)), "") | K56: =IF(F56<>"", VALUE(RIGHT(SUBSTITUTE(F56, "–", "-"), LEN(SUBSTITUTE(F56, "–", "-")) - FIND("-", SUBSTITUTE(F56, "–", "-")))), "") | L56: =L55+1 -> 56
A57: 14 | B57: Thu | C57: 2024-12-05 | D57: Bournemouth | H57: Tottenham | I57: Vitality Stadium | J57: =IF(F57<>"", VALUE(LEFT(SUBSTITUTE(F57, "–", "-"), FIND("-", SUBSTITUTE(F57, "–", "-")) - 1)), "") | K57: =IF(F57<>"", VALUE(RIGHT(SUBSTITUTE(F57, "–", "-"), LEN(SUBSTITUTE(F57, "–", "-")) - FIND("-", SUBSTITUTE(F57, "–", "-")))), "") | L57: =L56+1 -> 57
A58: 20 | B58: Sat | C58: 2025-01-04 | D58: Bournemouth | H58: Everton | I58: Vitality Stadium | J58: =IF(F58<>"", VALUE(LEFT(SUBSTITUTE(F58, "–", "-"), FIND("-", SUBSTITUTE(F58, "–", "-")) - 1)), "") | K58: =IF(F58<>"", VALUE(RIGHT(SUBSTITUTE(F58, "–", "-"), LEN(SUBSTITUTE(F58, "–", "-")) - FIND("-", SUBSTITUTE(F58, "–", "-")))), "") | L58: =L57+1 -> 58
A59: 13 | B59: Sat | C59: 2024-11-30 | D59: Brentford | H59: Leicester City | I59: Gtech Community Stadium | J59: =IF(F59<>"", VALUE(LEFT(SUBSTITUTE(F59, "–", "-"), FIND("-", SUBSTITUTE(F59, "–", "-")) - 1)), "") | K59: =IF(F59<>"", VALUE(RIGHT(SUBSTITUTE(F59, "–", "-"), LEN(SUBSTITUTE(F59, "–", "-")) - FIND("-", SUBSTITUTE(F59, "–", "-")))), "") | L59: =L58+1 -> 59
A60: 33 | B60: Sat | C60: 2025-04-19 | D60: Brentford | H60: Brighton | I60: Gtech Community Stadium | J60: =IF(F60<>"", VALUE(LEFT(SUBSTITUTE(F60, "–", "-"), FIND("-", SUBSTITUTE(F60, "–", "-")) - 1)), "") | K60: =IF(F60<>"", VALUE(RIGHT(SUBSTITUTE(F60, "–", "-"), LEN(SUBSTITUTE(F60, "–", "-")) - FIND("-", SUBSTITUTE(F60, "–", "-")))), "") | L60: =L59+1 -> 60
A61: 31 | B61: Sat | C61: 2025-04-05 | D61: Brentford | H61: Chelsea | I61: Gtech Community Stadium | J61: =IF(F61<>"", VALUE(LEFT(SUBSTITUTE(F61, "–", "-"), FIND("-", SUBSTITUTE(F61, "–", "-")) - 1)), "") | K61: =IF(F61<>"", VALUE(RIGHT(SUBSTITUTE(F61, "–", "-"), LEN(SUBSTITUTE(F61, "–", "-")) - FIND("-", SUBSTITUTE(F61, "–", "-")))), "") | L61: =L60+1 -> 61
A62: 15 | B62: Sat | C62: 2024-12-07 | D62: Brentford | H62: Newcastle Utd | I62: Gtech Community Stadium | J62: =IF(F62<>"", VALUE(LEFT(SUBSTITUTE(F62, "–", "-"), FIND("-", SUBSTITUTE(F62, "–", "-")) - 1)), "") | K62: =IF(F62<>"", VALUE(RIGHT(SUBSTITUTE(F62, "–", "-"), LEN(SUBSTITUTE(F62, "–", "-")) - FIND("-", SUBSTITUTE(F62, "–", "-")))), "") | L62: =L61+1 -> 62
A63: 11 | B63: Sat | C63: 2024-11-09 | D63: Brentford | H63: Bournemouth | I63: Gtech Community Stadium | J63: =IF(F63<>"", VALUE(LEFT(SUBSTITUTE(F63, "–", "-"), FIND("-", SUBSTITUTE(F63, "–", "-")) - 1)), "") | K63: =IF(F63<>"", VALUE(RIGHT(SUBSTITUTE(F63, "–", "-"), LEN(SUBSTITUTE(F63, "–", "-")) - FIND("-", SUBSTITUTE(F63, "–", "-")))), "") | L63: =L62+1 -> 63
A64: 35 | B64: Sat | C64: 2025-05-03 | D64: Brentford | H64: Manchester Utd | I64: Gtech Community Stadium | J64: =IF(F64<>"", VALUE(LEFT(SUBSTITUTE(F64, "–", "-"), FIND("-", SUBSTITUTE(F64, "–", "-")) - 1)), "") | K64: =IF(F64<>"", VALUE(RIGHT(SUBSTITUTE(F64, "–", "-"), LEN(SUBSTITUTE(F64, "–", "-")) - FIND("-", SUBSTITUTE(F64, "–", "-")))), "") | L64: =L63+1 -> 64
A65: 9 | B65: Sat | C65: 2024-10-26 | D65: Brentford | E65: 4.0 | F65: 4–3 | G65: 1.3 | H65: Ipswich Town | I65: Gtech Community Stadium | J65: =IF(F65<>"", VALUE(LEFT(SUBSTITUTE(F65, "–", "-"), FIND("-", SUBSTITUTE(F65, "–", "-")) - 1)), "") -> 4 | K65: =IF(F65<>"", VALUE(RIGHT(SUBSTITUTE(F65, "–", "-"), LEN(SUBSTITUTE(F65, "–", "-")) - FIND("-", SUBSTITUTE(F65, "–", "-")))), "") -> 3 | L65: =L64+1 -> 65
A66: 19 | B66: Wed | C66: 2025-01-01 | D66: Brentford | H66: Arsenal | I66: Gtech Community Stadium | J66: =IF(F66<>"", VALUE(LEFT(SUBSTITUTE(F66, "–", "-"), FIND("-", SUBSTITUTE(F66, "–", "-")) - 1)), "") | K66: =IF(F66<>"", VALUE(RIGHT(SUBSTITUTE(F66, "–", "-"), LEN(SUBSTITUTE(F66, "–", "-")) - FIND("-", SUBSTITUTE(F66, "–", "-")))), "") | L66: =L65+1 -> 66
A67: 7 | B67: Sat | C67: 2024-10-05 | D67: Brentford | E67: 4.2 | F67: 5–3 | G67: 1.0 | H67: Wolves | I67: Gtech Community Stadium | J67: =IF(F67<>"", VALUE(LEFT(SUBSTITUTE(F67, "–", "-"), FIND("-", SUBSTITUTE(F67, "–", "-")) - 1)), "") -> 5 | K67: =IF(F67<>"", VALUE(RIGHT(SUBSTITUTE(F67, "–", "-"), LEN(SUBSTITUTE(F67, "–", "-")) - FIND("-", SUBSTITUTE(F67, "–", "-")))), "") -> 3 | L67: =L66+1 -> 67
A68: 17 | B68: Sat | C68: 2024-12-21 | D68: Brentford | H68: Nott'ham Forest | I68: Gtech Community Stadium | J68: =IF(F68<>"", VALUE(LEFT(SUBSTITUTE(F68, "–", "-"), FIND("-", SUBSTITUTE(F68, "–", "-")) - 1)), "") | K68: =IF(F68<>"", VALUE(RIGHT(SUBSTITUTE(F68, "–", "-"), LEN(SUBSTITUTE(F68, "–", "-")) - FIND("-", SUBSTITUTE(F68, "–", "-")))), "") | L68: =L67+1 -> 68
A69: 28 | B69: Sat | C69: 2025-03-08 | D69: Brentford | H69: Aston Villa | I69: Gtech Community Stadium | J69: =IF(F69<>"", VALUE(LEFT(SUBSTITUTE(F69, "–", "-"), FIND("-", SUBSTITUTE(F69, "–", "-")) - 1)), "") | K69: =IF(F69<>"", VALUE(RIGHT(SUBSTITUTE(F69, "–", "-"), LEN(SUBSTITUTE(F69, "–", "-")) - FIND("-", SUBSTITUTE(F69, "–", "-")))), "") | L69: =L68+1 -> 69
A70: 1 | B70: Sun | C70: 2024-08-18 | D70: Brentford | E70: 1.6 | F70: 2–1 | G70: 1.2 | H70: Crystal Palace | I70: Gtech Community Stadium | J70: =IF(F70<>"", VALUE(LEFT(SUBSTITUTE(F70, "–", "-"), FIND("-", SUBSTITUTE(F70, "–", "-")) - 1)), "") -> 2 | K70: =IF(F70<>"", VALUE(RIGHT(SUBSTITUTE(F70, "–", "-"), LEN(SUBSTITUTE(F70, "–", "-")) - FIND("-", SUBSTITUTE(F70, "–", "-")))), "") -> 1 | L70: =L69+1 -> 70
A71: 3 | B71: Sat | C71: 2024-08-31 | D71: Brentford | E71: 2.8 | F71: 3–1 | G71: 1.5 | H71: Southampton | I71: Gtech Community Stadium | J71: =IF(F71<>"", VALUE(LEFT(SUBSTITUTE(F71, "–", "-"), FIND("-", SUBSTITUTE(F71, "–", "-")) - 1)), "") -> 3 | K71: =IF(F71<>"", VALUE(RIGHT(SUBSTITUTE(F71, "–", "-"), LEN(SUBSTITUTE(F71, "–", "-")) - FIND("-", SUBSTITUTE(F71, "–", "-")))), "") -> 1 | L71: =L70+1 -> 71
A72: 24 | B72: Sat | C72: 2025-02-01 | D72: Brentford | H72: Tottenham | I72: Gtech Community Stadium | J72: =IF(F72<>"", VALUE(LEFT(SUBSTITUTE(F72, "–", "-"), FIND("-", SUBSTITUTE(F72, "–", "-")) - 1)), "") | K72: =IF(F72<>"", VALUE(RIGHT(SUBSTITUTE(F72, "–", "-"), LEN(SUBSTITUTE(F72, "–", "-")) - FIND("-", SUBSTITUTE(F72, "–", "-")))), "") | L72: =L71+1 -> 72
A73: 21 | B73: Tue | C73: 2025-01-14 | D73: Brentford | H73: Manchester City | I73: Gtech Community Stadium | J73: =IF(F73<>"", VALUE(LEFT(SUBSTITUTE(F73, "–", "-"), FIND("-", SUBSTITUTE(F73, "–", "-")) - 1)), "") | K73: =IF(F73<>"", VALUE(RIGHT(SUBSTITUTE(F73, "–", "-"), LEN(SUBSTITUTE(F73, "–", "-")) - FIND("-", SUBSTITUTE(F73, "–", "-")))), "") | L73: =L72+1 -> 73
A74: 27 | B74: Tue | C74: 2025-02-25 | D74: Brentford | H74: Everton | I74: Gtech Community Stadium | J74: =IF(F74<>"", VALUE(LEFT(SUBSTITUTE(F74, "–", "-"), FIND("-", SUBSTITUTE(F74, "–", "-")) - 1)), "") | K74: =IF(F74<>"", VALUE(RIGHT(SUBSTITUTE(F74, "–", "-"), LEN(SUBSTITUTE(F74, "–", "-")) - FIND("-", SUBSTITUTE(F74, "–", "-")))), "") | L74: =L73+1 -> 74
A75: 6 | B75: Sat | C75: 2024-09-28 | D75: Brentford | E75: 0.4 | F75: 1–1 | G75: 1.0 | H75: West Ham | I75: Gtech Community Stadium | J75: =IF(F75<>"", VALUE(LEFT(SUBSTITUTE(F75, "–", "-"), FIND("-", SUBSTITUTE(F75, "–", "-")) - 1)), "") -> 1 | K75: =IF(F75<>"", VALUE(RIGHT(SUBSTITUTE(F75, "–", "-"), LEN(SUBSTITUTE(F75, "–", "-")) - FIND("-", SUBSTITUTE(F75, "–", "-")))), "") -> 1 | L75: =L74+1 -> 75
A76: 22 | B76: Sat | C76: 2025-01-18 | D76: Brentford | H76: Liverpool | I76: Gtech Community Stadium | J76: =IF(F76<>"", VALUE(LEFT(SUBSTITUTE(F76, "–", "-"), FIND("-", SUBSTITUTE(F76, "–", "-")) - 1)), "") | K76: =IF(F76<>"", VALUE(RIGHT(SUBSTITUTE(F76, "–", "-"), LEN(SUBSTITUTE(F76, "–", "-")) - FIND("-", SUBSTITUTE(F76, "–", "-")))), "") | L76: =L75+1 -> 76
A77: 37 | B77: Sun | C77: 2025-05-18 | D77: Brentford | H77: Fulham | I77: Gtech Community Stadium | J77: =IF(F77<>"", VALUE(LEFT(SUBSTITUTE(F77, "–", "-"), FIND("-", SUBSTITUTE(F77, "–", "-")) - 1)), "") | K77: =IF(F77<>"", VALUE(RIGHT(SUBSTITUTE(F77, "–", "-"), LEN(SUBSTITUTE(F77, "–", "-")) - FIND("-", SUBSTITUTE(F77, "–", "-")))), "") | L77: =L76+1 -> 77
A78: 32 | B78: Sat | C78: 2025-04-12 | D78: Brighton | H78: Leicester City | I78: The American Express Stadium | J78: =IF(F78<>"", VALUE(LEFT(SUBSTITUTE(F78, "–", "-"), FIND("-", SUBSTITUTE(F78, "–", "-")) - 1)), "") | K78: =IF(F78<>"", VALUE(RIGHT(SUBSTITUTE(F78, "–", "-"), LEN(SUBSTITUTE(F78, "–", "-")) - FIND("-", SUBSTITUTE(F78, "–", "-")))), "") | L78: =L77+1 -> 78
A79: 27 | B79: Tue | C79: 2025-02-25 | D79: Brighton | H79: Bournemouth | I79: The American Express Stadium | J79: =IF(F79<>"", VALUE(LEFT(SUBSTITUTE(F79, "–", "-"), FIND("-", SUBSTITUTE(F79, "–", "-")) - 1)), "") | K79: =IF(F79<>"", VALUE(RIGHT(SUBSTITUTE(F79, "–", "-"), LEN(SUBSTITUTE(F79, "–", "-")) - FIND("-", SUBSTITUTE(F79, "–", "-")))), "") | L79: =L78+1 -> 79
A80: 23 | B80: Sat | C80: 2025-01-25 | D80: Brighton | H80: Everton | I80: The American Express Stadium | J80: =IF(F80<>"", VALUE(LEFT(SUBSTITUTE(F80, "–", "-"), FIND("-", SUBSTITUTE(F80, "–", "-")) - 1)), "") | K80: =IF(F80<>"", VALUE(RIGHT(SUBSTITUTE(F80, "–", "-"), LEN(SUBSTITUTE(F80, "–", "-")) - FIND("-", SUBSTITUTE(F80, "–", "-")))), "") | L80: =L79+1 -> 80
A81: 13 | B81: Fri | C81: 2024-11-29 | D81: Brighton | H81: Southampton | I81: The American Express Stadium | J81: =IF(F81<>"", VALUE(LEFT(SUBSTITUTE(F81, "–", "-"), FIND("-", SUBSTITUTE(F81, "–", "-")) - 1)), "") | K81: =IF(F81<>"", VALUE(RIGHT(SUBSTITUTE(F81, "–", "-"), LEN(SUBSTITUTE(F81, "–", "-")) - FIND("-", SUBSTITUTE(F81, "–", "-")))), "") | L81: =L80+1 -> 81
A82: 2 | B82: Sat | C82: 2024-08-24 | D82: Brighton | E82: 2.1 | F82: 2–1 | G82: 1.4 | H82: Manchester Utd | I82: The American Express Stadium | J82: =IF(F82<>"", VALUE(LEFT(SUBSTITUTE(F82, "–", "-"), FIND("-", SUBSTITUTE(F82, "–", "-")) - 1)), "") -> 2 | K82: =IF(F82<>"", VALUE(RIGHT(SUBSTITUTE(F82, "–", "-"), LEN(SUBSTITUTE(F82, "–", "-")) - FIND("-", SUBSTITUTE(F82, "–", "-")))), "") -> 1 | L82: =L81+1 -> 82
A83: 25 | B83: Sat | C83: 2025-02-15 | D83: Brighton | H83: Chelsea | I83: The American Express Stadium | J83: =IF(F83<>"", VALUE(LEFT(SUBSTITUTE(F83, "–", "-"), FIND("-", SUBSTITUTE(F83, "–", "-")) - 1)), "") | K83: =IF(F83<>"", VALUE(RIGHT(SUBSTITUTE(F83, "–", "-"), LEN(SUBSTITUTE(F83, "–", "-")) - FIND("-", SUBSTITUTE(F83, "–", "-")))), "") | L83: =L82+1 -> 83
A84: 34 | B84: Sat | C84: 2025-04-26 | D84: Brighton | H84: West Ham | I84: The American Express Stadium | J84: =IF(F84<>"", VALUE(LEFT(SUBSTITUTE(F84, "–", "-"), FIND("-", SUBSTITUTE(F84, "–", "-")) - 1)), "") | K84: =IF(F84<>"", VALUE(RIGHT(SUBSTITUTE(F84, "–", "-"), LEN(SUBSTITUTE(F84, "–", "-")) - FIND("-", SUBSTITUTE(F84, "–", "-")))), "") | L84: =L83+1 -> 84
A85: 35 | B85: Sat | C85: 2025-05-03 | D85: Brighton | H85: Newcastle Utd | I85: The American Express Stadium | J85: =IF(F85<>"", VALUE(LEFT(SUBSTITUTE(F85, "–", "-"), FIND("-", SUBSTITUTE(F85, "–", "-")) - 1)), "") | K85: =IF(F85<>"", VALUE(RIGHT(SUBSTITUTE(F85, "–", "-"), LEN(SUBSTITUTE(F85, "–", "-")) - FIND("-", SUBSTITUTE(F85, "–", "-")))), "") | L85: =L84+1 -> 85
A86: 28 | B86: Sat | C86: 2025-03-08 | D86: Brighton | H86: Fulham | I86: The American Express Stadium | J86: =IF(F86<>"", VALUE(LEFT(SUBSTITUTE(F86, "–", "-"), FIND("-", SUBSTITUTE(F86, "–", "-")) - 1)), "") | K86: =IF(F86<>"", VALUE(RIGHT(SUBSTITUTE(F86, "–", "-"), LEN(SUBSTITUTE(F86, "–", "-")) - FIND("-", SUBSTITUTE(F86, "–", "-")))), "") | L86: =L85+1 -> 86
A87: 11 | B87: Sat | C87: 2024-11-09 | D87: Brighton | H87: Manchester City | I87: The American Express Stadium | J87: =IF(F87<>"", VALUE(LEFT(SUBSTITUTE(F87, "–", "-"), FIND("-", SUBSTITUTE(F87, "–", "-")) - 1)), "") | K87: =IF(F87<>"", VALUE(RIGHT(SUBSTITUTE(F87, "–", "-"), LEN(SUBSTITUTE(F87, "–", "-")) - FIND("-", SUBSTITUTE(F87, "–", "-")))), "") | L87: =L86+1 -> 87
A88: 9 | B88: Sat | C88: 2024-10-26 | D88: Brighton | E88: 1.3 | F88: 2–2 | G88: 1.3 | H88: Wolves | I88: The American Express Stadium | J88: =IF(F88<>"", VALUE(LEFT(SUBSTITUTE(F88, "–", "-"), FIND("-", SUBSTITUTE(F88, "–", "-")) - 1)), "") -> 2 | K88: =IF(F88<>"", VALUE(RIGHT(SUBSTITUTE(F88, "–", "-"), LEN(SUBSTITUTE(F88, "–", "-")) - FIND("-", SUBSTITUTE(F88, "–", "-")))), "") -> 2 | L88: =L87+1 -> 88
A89: 37 | B89: Sun | C89: 2025-05-18 | D89: Brighton | H89: Liverpool | I89: The American Express Stadium | J89: =IF(F89<>"", VALUE(LEFT(SUBSTITUTE(F89, "–", "-"), FIND("-", SUBSTITUTE(F89, "–", "-")) - 1)), "") | K89: =IF(F89<>"", VALUE(RIGHT(SUBSTITUTE(F89, "–", "-"), LEN(SUBSTITUTE(F89, "–", "-")) - FIND("-", SUBSTITUTE(F89, "–", "-")))), "") | L89: =L88+1 -> 89
A90: 20 | B90: Sat | C90: 2025-01-04 | D90: Brighton | H90: Arsenal | I90: The American Express Stadium | J90: =IF(F90<>"", VALUE(LEFT(SUBSTITUTE(F90, "–", "-"), FIND("-", SUBSTITUTE(F90, "–", "-")) - 1)), "") | K90: =IF(F90<>"", VALUE(RIGHT(SUBSTITUTE(F90, "–", "-"), LEN(SUBSTITUTE(F90, "–", "-")) - FIND("-", SUBSTITUTE(F90, "–", "-")))), "") | L90: =L89+1 -> 90
A91: 5 | B91: Sun | C91: 2024-09-22 | D91: Brighton | E91: 1.0 | F91: 2–2 | G91: 1.4 | H91: Nott'ham Forest | I91: The American Express Stadium | J91: =IF(F91<>"", VALUE(LEFT(SUBSTITUTE(F91, "–", "-"), FIND("-", SUBSTITUTE(F91, "–", "-")) - 1)), "") -> 2 | K91: =IF(F91<>"", VALUE(RIGHT(SUBSTITUTE(F91, "–", "-"), LEN(SUBSTITUTE(F91, "–", "-")) - FIND("-", SUBSTITUTE(F91, "–", "-")))), "") -> 2 | L91: =L90+1 -> 91
A92: 18 | B92: Fri | C92: 2024-12-27 | D92: Brighton | H92: Brentford | I92: The American Express Stadium | J92: =IF(F92<>"", VALUE(LEFT(SUBSTITUTE(F92, "–", "-"), FIND("-", SUBSTITUTE(F92, "–", "-")) - 1)), "") | K92: =IF(F92<>"", VALUE(RIGHT(SUBSTITUTE(F92, "–", "-"), LEN(SUBSTITUTE(F92, "–", "-")) - FIND("-", SUBSTITUTE(F92, "–", "-")))), "") | L92: =L91+1 -> 92
A93: 4 | B93: Sat | C93: 2024-09-14 | D93: Brighton | E93: 1.6 | F93: 0–0 | G93: 0.3 | H93: Ipswich Town | I93: The American Express Stadium | J93: =IF(F93<>"", VALUE(LEFT(SUBSTITUTE(F93, "–", "-"), FIND("-", SUBSTITUTE(F93, "–", "-")) - 1)), "") -> 0 | K93: =IF(F93<>"", VALUE(RIGHT(SUBSTITUTE(F93, "–", "-"), LEN(SUBSTITUTE(F93, "–", "-")) - FIND("-", SUBSTITUTE(F93, "–", "-")))), "") -> 0 | L93: =L92+1 -> 93
A94: 16 | B94: Sun | C94: 2024-12-15 | D94: Brighton | H94: Crystal Palace | I94: The American Express Stadium | J94: =IF(F94<>"", VALUE(LEFT(SUBSTITUTE(F94, "–", "-"), FIND("-", SUBSTITUTE(F94, "–", "-")) - 1)), "") | K94: =IF(F94<>"", VALUE(RIGHT(SUBSTITUTE(F94, "–", "-"), LEN(SUBSTITUTE(F94, "–", "-")) - FIND("-", SUBSTITUTE(F94, "–", "-")))), "") | L94: =L93+1 -> 94
A95: 30 | B95: Tue | C95: 2025-04-01 | D95: Brighton | H95: Aston Villa | I95: The American Express Stadium | J95: =IF(F95<>"", VALUE(LEFT(SUBSTITUTE(F95, "–", "-"), FIND("-", SUBSTITUTE(F95, "–", "-")) - 1)), "") | K95: =IF(F95<>"", VALUE(RIGHT(SUBSTITUTE(F95, "–", "-"), LEN(SUBSTITUTE(F95, "–", "-")) - FIND("-", SUBSTITUTE(F95, "–", "-")))), "") | L95: =L94+1 -> 95
A96: 7 | B96: Sun | C96: 2024-10-06 | D96: Brighton | E96: 1.8 | F96: 3–2 | G96: 1.3 | H96: Tottenham | I96: The American Express Stadium | J96: =IF(F96<>"", VALUE(LEFT(SUBSTITUTE(F96, "–", "-"), FIND("-", SUBSTITUTE(F96, "–", "-")) - 1)), "") -> 3 | K96: =IF(F96<>"", VALUE(RIGHT(SUBSTITUTE(F96, "–", "-"), LEN(SUBSTITUTE(F96, "–", "-")) - FIND("-", SUBSTITUTE(F96, "–", "-")))), "") -> 2 | L96: =L95+1 -> 96
A97: 11 | B97: Sun | C97: 2024-11-10 | D97: Chelsea | H97: Arsenal | I97: Stamford Bridge | J97: =IF(F97<>"", VALUE(LEFT(SUBSTITUTE(F97, "–", "-"), FIND("-", SUBSTITUTE(F97, "–", "-")) - 1)), "") | K97: =IF(F97<>"", VALUE(RIGHT(SUBSTITUTE(F97, "–", "-"), LEN(SUBSTITUTE(F97, "–", "-")) - FIND("-", SUBSTITUTE(F97, "–", "-")))), "") | L97: =L96+1 -> 97
A98: 18 | B98: Thu | C98: 2024-12-26 | D98: Chelsea | H98: Fulham | I98: Stamford Bridge | J98: =IF(F98<>"", VALUE(LEFT(SUBSTITUTE(F98, "–", "-"), FIND("-", SUBSTITUTE(F98, "–", "-")) - 1)), "") | K98: =IF(F98<>"", VALUE(RIGHT(SUBSTITUTE(F98, "–", "-"), LEN(SUBSTITUTE(F98, "–", "-")) - FIND("-", SUBSTITUTE(F98, "–", "-")))), "") | L98: =L97+1 -> 98
A99: 16 | B99: Sun | C99: 2024-12-15 | D99: Chelsea | H99: Brentford | I99: Stamford Bridge | J99: =IF(F99<>"", VALUE(LEFT(SUBSTITUTE(F99, "–", "-"), FIND("-", SUBSTITUTE(F99, "–", "-")) - 1)), "") | K99: =IF(F99<>"", VALUE(RIGHT(SUBSTITUTE(F99, "–", "-"), LEN(SUBSTITUTE(F99, "–", "-")) - FIND("-", SUBSTITUTE(F99, "–", "-")))), "") | L99: =L98+1 -> 99
A100: 24 | B100: Sat | C100: 2025-02-01 | D100: Chelsea | H100: West Ham | I100: Stamford Bridge | J100: =IF(F100<>"", VALUE(LEFT(SUBSTITUTE(F100, "–", "-"), FIND("-", SUBSTITUTE(F100, "–", "-")) - 1)), "") | K100: =IF(F100<>"", VALUE(RIGHT(SUBSTITUTE(F100, "–", "-"), LEN(SUBSTITUTE(F100, "–", "-")) - FIND("-", SUBSTITUTE(F100, "–", "-")))), "") | L100: =L99+1 -> 100
...

Sheet homeStats
A1: Wk | B1: Day | C1: Date | D1: Home | E1: xG | F1: Score | G1: xGa | H1: Away | I1: Venue | J1: Home goals | K1: Away goals
A2: =HLOOKUP(homeStats2!A$1,homeStats2!$A$1:$K$500,homeStats2!$L2,FALSE) -> 6 | B2: =HLOOKUP(homeStats2!B$1,homeStats2!$A$1:$K$500,homeStats2!$L2,FALSE) -> Sat | C2: =HLOOKUP(homeStats2!C$1,homeStats2!$A$1:$K$500,homeStats2!$L2,FALSE) -> 2024-09-28 | D2: =HLOOKUP(homeStats2!D$1,homeStats2!$A$1:$K$500,homeStats2!$L2,FALSE) -> Arsenal | E2: =HLOOKUP(homeStats2!E$1,homeStats2!$A$1:$K$500,homeStats2!$L2,FALSE) -> 4.4 | F2: =HLOOKUP(homeStats2!F$1,homeStats2!$A$1:$K$500,homeStats2!$L2,FALSE) -> 4–2 | G2: =HLOOKUP(homeStats2!G$1,homeStats2!$A$1:$K$500,homeStats2!$L2,FALSE) -> 0.3 | H2: =HLOOKUP(homeStats2!H$1,homeStats2!$A$1:$K$500,homeStats2!$L2,FALSE) -> Leicester City | ... K2: =HLOOKUP(homeStats2!K$1,homeStats2!$A$1:$K$500,homeStats2!$L2,FALSE) -> 2
A3: =HLOOKUP(homeStats2!A$1,homeStats2!$A$1:$K$500,homeStats2!$L3,FALSE) -> 30 | B3: =HLOOKUP(homeStats2!B$1,homeStats2!$A$1:$K$500,homeStats2!$L3,FALSE) -> Tue | C3: =HLOOKUP(homeStats2!C$1,homeStats2!$A$1:$K$500,homeStats2!$L3,FALSE) -> 2025-04-01 | D3: =HLOOKUP(homeStats2!D$1,homeStats2!$A$1:$K$500,homeStats2!$L3,FALSE) -> Arsenal | E3: =HLOOKUP(homeStats2!E$1,homeStats2!$A$1:$K$500,homeStats2!$L3,FALSE) | F3: =HLOOKUP(homeStats2!F$1,homeStats2!$A$1:$K$500,homeStats2!$L3,FALSE) | G3: =HLOOKUP(homeStats2!G$1,homeStats2!$A$1:$K$500,homeStats2!$L3,FALSE) | H3: =HLOOKUP(homeStats2!H$1,homeStats2!$A$1:$K$500,homeStats2!$L3,FALSE) -> Fulham | ... K3: =HLOOKUP(homeStats2!K$1,homeStats2!$A$1:$K$500,homeStats2!$L3,FALSE)
A4: =HLOOKUP(homeStats2!A$1,homeStats2!$A$1:$K$500,homeStats2!$L4,FALSE) -> 35 | B4: =HLOOKUP(homeStats2!B$1,homeStats2!$A$1:$K$500,homeStats2!$L4,FALSE) -> Sat | C4: =HLOOKUP(homeStats2!C$1,homeStats2!$A$1:$K$500,homeStats2!$L4,FALSE) -> 2025-05-03 | D4: =HLOOKUP(homeStats2!D$1,homeStats2!$A$1:$K$500,homeStats2!$L4,FALSE) -> Arsenal | E4: =HLOOKUP(homeStats2!E$1,homeStats2!$A$1:$K$500,homeStats2!$L4,FALSE) | F4: =HLOOKUP(homeStats2!F$1,homeStats2!$A$1:$K$500,homeStats2!$L4,FALSE) | G4: =HLOOKUP(homeStats2!G$1,homeStats2!$A$1:$K$500,homeStats2!$L4,FALSE) | H4: =HLOOKUP(homeStats2!H$1,homeStats2!$A$1:$K$500,homeStats2!$L4,FALSE) -> Bournemouth | ... K4: =HLOOKUP(homeStats2!K$1,homeStats2!$A$1:$K$500,homeStats2!$L4,FALSE)
A5: =HLOOKUP(homeStats2!A$1,homeStats2!$A$1:$K$500,homeStats2!$L5,FALSE) -> 18 | B5: =HLOOKUP(homeStats2!B$1,homeStats2!$A$1:$K$500,homeStats2!$L5,FALSE) -> Fri | C5: =HLOOKUP(homeStats2!C$1,homeStats2!$A$1:$K$500,homeStats2!$L5,FALSE) -> 2024-12-27 | D5: =HLOOKUP(homeStats2!D$1,homeStats2!$A$1:$K$500,homeStats2!$L5,FALSE) -> Arsenal | E5: =HLOOKUP(homeStats2!E$1,homeStats2!$A$1:$K$500,homeStats2!$L5,FALSE) | F5: =HLOOKUP(homeStats2!F$1,homeStats2!$A$1:$K$500,homeStats2!$L5,FALSE) | G5: =HLOOKUP(homeStats2!G$1,homeStats2!$A$1:$K$500,homeStats2!$L5,FALSE) | H5: =HLOOKUP(homeStats2!H$1,homeStats2!$A$1:$K$500,homeStats2!$L5,FALSE) -> Ipswich Town | ... K5: =HLOOKUP(homeStats2!K$1,homeStats2!$A$1:$K$500,homeStats2!$L5,FALSE)
A6: =HLOOKUP(homeStats2!A$1,homeStats2!$A$1:$K$500,homeStats2!$L6,FALSE) -> 16 | B6: =HLOOKUP(homeStats2!B$1,homeStats2!$A$1:$K$500,homeStats2!$L6,FALSE) -> Sat | C6: =HLOOKUP(homeStats2!C$1,homeStats2!$A$1:$K$500,homeStats2!$L6,FALSE) -> 2024-12-14 | D6: =HLOOKUP(homeStats2!D$1,homeStats2!$A$1:$K$500,homeStats2!$L6,FALSE) -> Arsenal | E6: =HLOOKUP(homeStats2!E$1,homeStats2!$A$1:$K$500,homeStats2!$L6,FALSE) | F6: =HLOOKUP(homeStats2!F$1,homeStats2!$A$1:$K$500,homeStats2!$L6,FALSE) | G6: =HLOOKUP(homeStats2!G$1,homeStats2!$A$1:$K$500,homeStats2!$L6,FALSE) | H6: =HLOOKUP(homeStats2!H$1,homeStats2!$A$1:$K$500,homeStats2!$L6,FALSE) -> Everton | ... K6: =HLOOKUP(homeStats2!K$1,homeStats2!$A$1:$K$500,homeStats2!$L6,FALSE)
A7: =HLOOKUP(homeStats2!A$1,homeStats2!$A$1:$K$500,homeStats2!$L7,FALSE) -> 37 | B7: =HLOOKUP(homeStats2!B$1,homeStats2!$A$1:$K$500,homeStats2!$L7,FALSE) -> Sun | C7: =HLOOKUP(homeStats2!C$1,homeStats2!$A$1:$K$500,homeStats2!$L7,FALSE) -> 2025-05-18 | D7: =HLOOKUP(homeStats2!D$1,homeStats2!$A$1:$K$500,homeStats2!$L7,FALSE) -> Arsenal | E7: =HLOOKUP(homeStats2!E$1,homeStats2!$A$1:$K$500,homeStats2!$L7,FALSE) | F7: =HLOOKUP(homeStats2!F$1,homeStats2!$A$1:$K$500,homeStats2!$L7,FALSE) | G7: =HLOOKUP(homeStats2!G$1,homeStats2!$A$1:$K$500,homeStats2!$L7,FALSE) | H7: =HLOOKUP(homeStats2!H$1,homeStats2!$A$1:$K$500,homeStats2!$L7,FALSE) -> Newcastle Utd | ... K7: =HLOOKUP(homeStats2!K$1,homeStats2!$A$1:$K$500,homeStats2!$L7,FALSE)
A8: =HLOOKUP(homeStats2!A$1,homeStats2!$A$1:$K$500,homeStats2!$L8,FALSE) -> 29 | B8: =HLOOKUP(homeStats2!B$1,homeStats2!$A$1:$K$500,homeStats2!$L8,FALSE) -> Sat | C8: =HLOOKUP(homeStats2!C$1,homeStats2!$A$1:$K$500,homeStats2!$L8,FALSE) -> 2025-03-15 | D8: =HLOOKUP(homeStats2!D$1,homeStats2!$A$1:$K$500,homeStats2!$L8,FALSE) -> Arsenal | E8: =HLOOKUP(homeStats2!E$1,homeStats2!$A$1:$K$500,homeStats2!$L8,FALSE) | F8: =HLOOKUP(homeStats2!F$1,homeStats2!$A$1:$K$500,homeStats2!$L8,FALSE) | G8: =HLOOKUP(homeStats2!G$1,homeStats2!$A$1:$K$500,homeStats2!$L8,FALSE) | H8: =HLOOKUP(homeStats2!H$1,homeStats2!$A$1:$K$500,homeStats2!$L8,FALSE) -> Chelsea | ... K8: =HLOOKUP(homeStats2!K$1,homeStats2!$A$1:$K$500,homeStats2!$L8,FALSE)
A9: =HLOOKUP(homeStats2!A$1,homeStats2!$A$1:$K$500,homeStats2!$L9,FALSE) -> 21 | B9: =HLOOKUP(homeStats2!B$1,homeStats2!$A$1:$K$500,homeStats2!$L9,FALSE) -> Wed | C9: =HLOOKUP(homeStats2!C$1,homeStats2!$A$1:$K$500,homeStats2!$L9,FALSE) -> 2025-01-15 | D9: =HLOOKUP(homeStats2!D$1,homeStats2!$A$1:$K$500,homeStats2!$L9,FALSE) -> Arsenal | E9: =HLOOKUP(homeStats2!E$1,homeStats2!$A$1:$K$500,homeStats2!$L9,FALSE) | F9: =HLOOKUP(homeStats2!F$1,homeStats2!$A$1:$K$500,homeStats2!$L9,FALSE) | G9: =HLOOKUP(homeStats2!G$1,homeStats2!$A$1:$K$500,homeStats2!$L9,FALSE) | H9: =HLOOKUP(homeStats2!H$1,homeStats2!$A$1:$K$500,homeStats2!$L9,FALSE) -> Tottenham | ... K9: =HLOOKUP(homeStats2!K$1,homeStats2!$A$1:$K$500,homeStats2!$L9,FALSE)
A10: =HLOOKUP(homeStats2!A$1,homeStats2!$A$1:$K$500,homeStats2!$L10,FALSE) -> 14 | B10: =HLOOKUP(homeStats2!B$1,homeStats2!$A$1:$K$500,homeStats2!$L10,FALSE) -> Wed | C10: =HLOOKUP(homeStats2!C$1,homeStats2!$A$1:$K$500,homeStats2!$L10,FALSE) -> 2024-12-04 | D10: =HLOOKUP(homeStats2!D$1,homeStats2!$A$1:$K$500,homeStats2!$L10,FALSE) -> Arsenal | E10: =HLOOKUP(homeStats2!E$1,homeStats2!$A$1:$K$500,homeStats2!$L10,FALSE) | F10: =HLOOKUP(homeStats2!F$1,homeStats2!$A$1:$K$500,homeStats2!$L10,FALSE) | G10: =HLOOKUP(homeStats2!G$1,homeStats2!$A$1:$K$500,homeStats2!$L10,FALSE) | H10: =HLOOKUP(homeStats2!H$1,homeStats2!$A$1:$K$500,homeStats2!$L10,FALSE) -> Manchester Utd | ... K10: =HLOOKUP(homeStats2!K$1,homeStats2!$A$1:$K$500,homeStats2!$L10,FALSE)
A11: =HLOOKUP(homeStats2!A$1,homeStats2!$A$1:$K$500,homeStats2!$L11,FALSE) -> 32 | B11: =HLOOKUP(homeStats2!B$1,homeStats2!$A$1:$K$500,homeStats2!$L11,FALSE) -> Sat | C11: =HLOOKUP(homeStats2!C$1,homeStats2!$A$1:$K$500,homeStats2!$L11,FALSE) -> 2025-04-12 | D11: =HLOOKUP(homeStats2!D$1,homeStats2!$A$1:$K$500,homeStats2!$L11,FALSE) -> Arsenal | E11: =HLOOKUP(homeStats2!E$1,homeStats2!$A$1:$K$500,homeStats2!$L11,FALSE) | F11: =HLOOKUP(homeStats2!F$1,homeStats2!$A$1:$K$500,homeStats2!$L11,FALSE) | G11: =HLOOKUP(homeStats2!G$1,homeStats2!$A$1:$K$500,homeStats2!$L11,FALSE) | H11: =HLOOKUP(homeStats2!H$1,homeStats2!$A$1:$K$500,homeStats2!$L11,FALSE) -> Brentford | ... K11: =HLOOKUP(homeStats2!K$1,homeStats2!$A$1:$K$500,homeStats2!$L11,FALSE)
A12: =HLOOKUP(homeStats2!A$1,homeStats2!$A$1:$K$500,homeStats2!$L12,FALSE) -> 22 | B12: =HLOOKUP(homeStats2!B$1,homeStats2!$A$1:$K$500,homeStats2!$L12,FALSE) -> Sat | C12: =HLOOKUP(homeStats2!C$1,homeStats2!$A$1:$K$500,homeStats2!$L12,FALSE) -> 2025-01-18 | D12: =HLOOKUP(homeStats2!D$1,homeStats2!$A$1:$K$500,homeStats2!$L12,FALSE) -> Arsenal | E12: =HLOOKUP(homeStats2!E$1,homeStats2!$A$1:$K$500,homeStats2!$L12,FALSE) | F12: =HLOOKUP(homeStats2!F$1,homeStats2!$A$1:$K$500,homeStats2!$L12,FALSE) | G12: =HLOOKUP(homeStats2!G$1,homeStats2!$A$1:$K$500,homeStats2!$L12,FALSE) | H12: =HLOOKUP(homeStats2!H$1,homeStats2!$A$1:$K$500,homeStats2!$L12,FALSE) -> Aston Villa | ... K12: =HLOOKUP(homeStats2!K$1,homeStats2!$A$1:$K$500,homeStats2!$L12,FALSE)
A13: =HLOOKUP(homeStats2!A$1,homeStats2!$A$1:$K$500,homeStats2!$L13,FALSE) -> 9 | B13: =HLOOKUP(homeStats2!B$1,homeStats2!$A$1:$K$500,homeStats2!$L13,FALSE) -> Sun | C13: =HLOOKUP(homeStats2!C$1,homeStats2!$A$1:$K$500,homeStats2!$L13,FALSE) -> 2024-10-27 | D13: =HLOOKUP(homeStats2!D$1,homeStats2!$A$1:$K$500,homeStats2!$L13,FALSE) -> Arsenal | E13: =HLOOKUP(homeStats2!E$1,homeStats2!$A$1:$K$500,homeStats2!$L13,FALSE) -> 0.9 | F13: =HLOOKUP(homeStats2!F$1,homeStats2!$A$1:$K$500,homeStats2!$L13,FALSE) -> 2–2 | G13: =HLOOKUP(homeStats2!G$1,homeStats2!$A$1:$K$500,homeStats2!$L13,FALSE) -> 0.8 | H13: =HLOOKUP(homeStats2!H$1,homeStats2!$A$1:$K$500,homeStats2!$L13,FALSE) -> Liverpool | ... K13: =HLOOKUP(homeStats2!K$1,homeStats2!$A$1:$K$500,homeStats2!$L13,FALSE) -> 2
... A381: =HLOOKUP(homeStats2!A$1,homeStats2!$A$1:$K$500,homeStats2!$L381,FALSE) -> 11 | B381: =HLOOKUP(homeStats2!B$1,homeStats2!$A$1:$K$500,homeStats2!$L381,FALSE) -> Sat | C381: =HLOOKUP(homeStats2!C$1,homeStats2!$A$1:$K$500,homeStats2!$L381,FALSE) -> 2024-11-09 | D381: =HLOOKUP(homeStats2!D$1,homeStats2!$A$1:$K$500,homeStats2!$L381,FALSE) -> Wolves | E381: =HLOOKUP(homeStats2!E$1,homeStats2!$A$1:$K$500,homeStats2!$L381,FALSE) | F381: =HLOOKUP(homeStats2!F$1,homeStats2!$A$1:$K$500,homeStats2!$L381,FALSE) | G381: =HLOOKUP(homeStats2!G$1,homeStats2!$A$1:$K$500,homeStats2!$L381,FALSE) | H381: =HLOOKUP(homeStats2!H$1,homeStats2!$A$1:$K$500,homeStats2!$L381,FALSE) -> Southampton | ... K381: =HLOOKUP(homeStats2!K$1,homeStats2!$A$1:$K$500,homeStats2!$L381,FALSE)

Sheet awayStats
A1: Wk | B1: Day | C1: Date | D1: Home | E1: xG | F1: Score | G1: xGa | H1: Away | I1: Venue | J1: Home goals | K1: Away goals
A2: =HLOOKUP(awayStats2!A$1,awayStats2!$A$1:$K$500,awayStats2!$L2,FALSE) -> 19 | B2: =HLOOKUP(awayStats2!B$1,awayStats2!$A$1:$K$500,awayStats2!$L2,FALSE) -> Wed | C2: =HLOOKUP(awayStats2!C$1,awayStats2!$A$1:$K$500,awayStats2!$L2,FALSE) -> 2025-01-01 | D2: =HLOOKUP(awayStats2!D$1,awayStats2!$A$1:$K$500,awayStats2!$L2,FALSE) -> Brentford | E2: =HLOOKUP(awayStats2!E$1,awayStats2!$A$1:$K$500,awayStats2!$L2,FALSE) | F2: =HLOOKUP(awayStats2!F$1,awayStats2!$A$1:$K$500,awayStats2!$L2,FALSE) | G2: =HLOOKUP(awayStats2!G$1,awayStats2!$A$1:$K$500,awayStats2!$L2,FALSE) | H2: =HLOOKUP(awayStats2!H$1,awayStats2!$A$1:$K$500,awayStats2!$L2,FALSE) -> Arsenal | ... K2: =HLOOKUP(awayStats2!K$1,awayStats2!$A$1:$K$500,awayStats2!$L2,FALSE)
A3: =HLOOKUP(awayStats2!A$1,awayStats2!$A$1:$K$500,awayStats2!$L3,FALSE) -> 11 | B3: =HLOOKUP(awayStats2!B$1,awayStats2!$A$1:$K$500,awayStats2!$L3,FALSE) -> Sun | C3: =HLOOKUP(awayStats2!C$1,awayStats2!$A$1:$K$500,awayStats2!$L3,FALSE) -> 2024-11-10 | D3: =HLOOKUP(awayStats2!D$1,awayStats2!$A$1:$K$500,awayStats2!$L3,FALSE) -> Chelsea | E3: =HLOOKUP(awayStats2!E$1,awayStats2!$A$1:$K$500,awayStats2!$L3,FALSE) | F3: =HLOOKUP(awayStats2!F$1,awayStats2!$A$1:$K$500,awayStats2!$L3,FALSE) | G3: =HLOOKUP(awayStats2!G$1,awayStats2!$A$1:$K$500,awayStats2!$L3,FALSE) | H3: =HLOOKUP(awayStats2!H$1,awayStats2!$A$1:$K$500,awayStats2!$L3,FALSE) -> Arsenal | ... K3: =HLOOKUP(awayStats2!K$1,awayStats2!$A$1:$K$500,awayStats2!$L3,FALSE)
A4: =HLOOKUP(awayStats2!A$1,awayStats2!$A$1:$K$500,awayStats2!$L4,FALSE) -> 13 | B4: =HLOOKUP(awayStats2!B$1,awayStats2!$A$1:$K$500,awayStats2!$L4,FALSE) -> Sat | C4: =HLOOKUP(awayStats2!C$1,awayStats2!$A$1:$K$500,awayStats2!$L4,FALSE) -> 2024-11-30 | D4: =HLOOKUP(awayStats2!D$1,awayStats2!$A$1:$K$500,awayStats2!$L4,FALSE) -> West Ham | E4: =HLOOKUP(awayStats2!E$1,awayStats2!$A$1:$K$500,awayStats2!$L4,FALSE) | F4: =HLOOKUP(awayStats2!F$1,awayStats2!$A$1:$K$500,awayStats2!$L4,FALSE) | G4: =HLOOKUP(awayStats2!G$1,awayStats2!$A$1:$K$500,awayStats2!$L4,FALSE) | H4: =HLOOKUP(awayStats2!H$1,awayStats2!$A$1:$K$500,awayStats2!$L4,FALSE) -> Arsenal | ... K4: =HLOOKUP(awayStats2!K$1,awayStats2!$A$1:$K$500,awayStats2!$L4,FALSE)
A5: =HLOOKUP(awayStats2!A$1,awayStats2!$A$1:$K$500,awayStats2!$L5,FALSE) -> 8 | B5: =HLOOKUP(awayStats2!B$1,awayStats2!$A$1:$K$500,awayStats2!$L5,FALSE) -> Sat | C5: =HLOOKUP(awayStats2!C$1,awayStats2!$A$1:$K$500,awayStats2!$L5,FALSE) -> 2024-10-19 | D5: =HLOOKUP(awayStats2!D$1,awayStats2!$A$1:$K$500,awayStats2!$L5,FALSE) -> Bournemouth | E5: =HLOOKUP(awayStats2!E$1,awayStats2!$A$1:$K$500,awayStats2!$L5,FALSE) -> 1.8 | F5: =HLOOKUP(awayStats2!F$1,awayStats2!$A$1:$K$500,awayStats2!$L5,FALSE) -> 2–0 | G5: =HLOOKUP(awayStats2!G$1,awayStats2!$A$1:$K$500,awayStats2!$L5,FALSE) -> 0.7 | H5: =HLOOKUP(awayStats2!H$1,awayStats2!$A$1:$K$500,awayStats2!$L5,FALSE) -> Arsenal | ... K5: =HLOOKUP(awayStats2!K$1,awayStats2!$A$1:$K$500,awayStats2!$L5,FALSE) -> 0
A6: =HLOOKUP(awayStats2!A$1,awayStats2!$A$1:$K$500,awayStats2!$L6,FALSE) -> 15 | B6: =HLOOKUP(awayStats2!B$1,awayStats2!$A$1:$K$500,awayStats2!$L6,FALSE) -> Sun | C6: =HLOOKUP(awayStats2!C$1,awayStats2!$A$1:$K$500,awayStats2!$L6,FALSE) -> 2024-12-08 | D6: =HLOOKUP(awayStats2!D$1,awayStats2!$A$1:$K$500,awayStats2!$L6,FALSE) -> Fulham | E6: =HLOOKUP(awayStats2!E$1,awayStats2!$A$1:$K$500,awayStats2!$L6,FALSE) | F6: =HLOOKUP(awayStats2!F$1,awayStats2!$A$1:$K$500,awayStats2!$L6,FALSE) | G6: =HLOOKUP(awayStats2!G$1,awayStats2!$A$1:$K$500,awayStats2!$L6,FALSE) | H6: =HLOOKUP(awayStats2!H$1,awayStats2!$A$1:$K$500,awayStats2!$L6,FALSE) -> Arsenal | ... K6: =HLOOKUP(awayStats2!K$1,awayStats2!$A$1:$K$500,awayStats2!$L6,FALSE)
A7: =HLOOKUP(awayStats2!A$1,awayStats2!$A$1:$K$500,awayStats2!$L7,FALSE) -> 17 | B7: =HLOOKUP(awayStats2!B$1,awayStats2!$A$1:$K$500,awayStats2!$L7,FALSE) -> Sat | C7: =HLOOKUP(awayStats2!C$1,awayStats2!$A$1:$K$500,awayStats2!$L7,FALSE) -> 2024-12-21 | D7: =HLOOKUP(awayStats2!D$1,awayStats2!$A$1:$K$500,awayStats2!$L7,FALSE) -> Crystal Palace | E7: =HLOOKUP(awayStats2!E$1,awayStats2!$A$1:$K$500,awayStats2!$L7,FALSE) | F7: =HLOOKUP(awayStats2!F$1,awayStats2!$A$1:$K$500,awayStats2!$L7,FALSE) | G7: =HLOOKUP(awayStats2!G$1,awayStats2!$A$1:$K$500,awayStats2!$L7,FALSE) | H7: =HLOOKUP(awayStats2!H$1,awayStats2!$A$1:$K$500,awayStats2!$L7,FALSE) -> Arsenal | ... K7: =HLOOKUP(awayStats2!K$1,awayStats2!$A$1:$K$500,awayStats2!$L7,FALSE)
A8: =HLOOKUP(awayStats2!A$1,awayStats2!$A$1:$K$500,awayStats2!$L8,FALSE) -> 20 | B8: =HLOOKUP(awayStats2!B$1,awayStats2!$A$1:$K$500,awayStats2!$L8,FALSE) -> Sat | C8: =HLOOKUP(awayStats2!C$1,awayStats2!$A$1:$K$500,awayStats2!$L8,FALSE) -> 2025-01-04 | D8: =HLOOKUP(awayStats2!D$1,awayStats2!$A$1:$K$500,awayStats2!$L8,FALSE) -> Brighton | E8: =HLOOKUP(awayStats2!E$1,awayStats2!$A$1:$K$500,awayStats2!$L8,FALSE) | F8: =HLOOKUP(awayStats2!F$1,awayStats2!$A$1:$K$500,awayStats2!$L8,FALSE) | G8: =HLOOKUP(awayStats2!G$1,awayStats2!$A$1:$K$500,awayStats2!$L8,FALSE) | H8: =HLOOKUP(awayStats2!H$1,awayStats2!$A$1:$K$500,awayStats2!$L8,FALSE) -> Arsenal | ... K8: =HLOOKUP(awayStats2!K$1,awayStats2!$A$1:$K$500,awayStats2!$L8,FALSE)
A9: =HLOOKUP(awayStats2!A$1,awayStats2!$A$1:$K$500,awayStats2!$L9,FALSE) -> 5 | B9: =HLOOKUP(awayStats2!B$1,awayStats2!$A$1:$K$500,awayStats2!$L9,FALSE) -> Sun | C9: =HLOOKUP(awayStats2!C$1,awayStats2!$A$1:$K$500,awayStats2!$L9,FALSE) -> 2024-09-22 | D9: =HLOOKUP(awayStats2!D$1,awayStats2!$A$1:$K$500,awayStats2!$L9,FALSE) -> Manchester City | E9: =HLOOKUP(awayStats2!E$1,awayStats2!$A$1:$K$500,awayStats2!$L9,FALSE) -> 2.1 | F9: =HLOOKUP(awayStats2!F$1,awayStats2!$A$1:$K$500,awayStats2!$L9,FALSE) -> 2–2 | G9: =HLOOKUP(awayStats2!G$1,awayStats2!$A$1:$K$500,awayStats2!$L9,FALSE) -> 0.7 | H9: =HLOOKUP(awayStats2!H$1,awayStats2!$A$1:$K$500,awayStats2!$L9,FALSE) -> Arsenal | ... K9: =HLOOKUP(awayStats2!K$1,awayStats2!$A$1:$K$500,awayStats2!$L9,FALSE) -> 2
A10: =HLOOKUP(awayStats2!A$1,awayStats2!$A$1:$K$500,awayStats2!$L10,FALSE) -> 23 | B10: =HLOOKUP(awayStats2!B$1,awayStats2!$A$1:$K$500,awayStats2!$L10,FALSE) -> Sat | C10: =HLOOKUP(awayStats2!C$1,awayStats2!$A$1:$K$500,awayStats2!$L10,FALSE) -> 2025-01-25 | D10: =HLOOKUP(awayStats2!D$1,awayStats2!$A$1:$K$500,awayStats2!$L10,FALSE) -> Wolves | E10: =HLOOKUP(awayStats2!E$1,awayStats2!$A$1:$K$500,awayStats2!$L10,FALSE) | F10: =HLOOKUP(awayStats2!F$1,awayStats2!$A$1:$K$500,awayStats2!$L10,FALSE) | G10: =HLOOKUP(awayStats2!G$1,awayStats2!$A$1:$K$500,awayStats2!$L10,FALSE) | H10: =HLOOKUP(awayStats2!H$1,awayStats2!$A$1:$K$500,awayStats2!$L10,FALSE) -> Arsenal | ... K10: =HLOOKUP(awayStats2!K$1,awayStats2!$A$1:$K$500,awayStats2!$L10,FALSE)
A11: =HLOOKUP(awayStats2!A$1,awayStats2!$A$1:$K$500,awayStats2!$L11,FALSE) -> 25 | B11: =HLOOKUP(awayStats2!B$1,awayStats2!$A$1:$K$500,awayStats2!$L11,FALSE) -> Sat | C11: =HLOOKUP(awayStats2!C$1,awayStats2!$A$1:$K$500,awayStats2!$L11,FALSE) -> 2025-02-15 | D11: =HLOOKUP(awayStats2!D$1,awayStats2!$A$1:$K$500,awayStats2!$L11,FALSE) -> Leicester City | E11: =HLOOKUP(awayStats2!E$1,awayStats2!$A$1:$K$500,awayStats2!$L11,FALSE) | F11: =HLOOKUP(awayStats2!F$1,awayStats2!$A$1:$K$500,awayStats2!$L11,FALSE) | G11: =HLOOKUP(awayStats2!G$1,awayStats2!$A$1:$K$500,awayStats2!$L11,FALSE) | H11: =HLOOKUP(awayStats2!H$1,awayStats2!$A$1:$K$500,awayStats2!$L11,FALSE) -> Arsenal | ... K11: =HLOOKUP(awayStats2!K$1,awayStats2!$A$1:$K$500,awayStats2!$L11,FALSE)
A12: =HLOOKUP(awayStats2!A$1,awayStats2!$A$1:$K$500,awayStats2!$L12,FALSE) -> 4 | B12: =HLOOKUP(awayStats2!B$1,awayStats2!$A$1:$K$500,awayStats2!$L12,FALSE) -> Sun | C12: =HLOOKUP(awayStats2!C$1,awayStats2!$A$1:$K$500,awayStats2!$L12,FALSE) -> 2024-09-15 | D12: =HLOOKUP(awayStats2!D$1,awayStats2!$A$1:$K$500,awayStats2!$L12,FALSE) -> Tottenham | E12: =HLOOKUP(awayStats2!E$1,awayStats2!$A$1:$K$500,awayStats2!$L12,FALSE) -> 0.7 | F12: =HLOOKUP(awayStats2!F$1,awayStats2!$A$1:$K$500,awayStats2!$L12,FALSE) -> 0–1 | G12: =HLOOKUP(awayStats2!G$1,awayStats2!$A$1:$K$500,awayStats2!$L12,FALSE) -> 0.7 | H12: =HLOOKUP(awayStats2!H$1,awayStats2!$A$1:$K$500,awayStats2!$L12,FALSE) -> Arsenal | ... K12: =HLOOKUP(awayStats2!K$1,awayStats2!$A$1:$K$500,awayStats2!$L12,FALSE) -> 1
A13: =HLOOKUP(awayStats2!A$1,awayStats2!$A$1:$K$500,awayStats2!$L13,FALSE) -> 27 | B13: =HLOOKUP(awayStats2!B$1,awayStats2!$A$1:$K$500,awayStats2!$L13,FALSE) -> Tue | C13: =HLOOKUP(awayStats2!C$1,awayStats2!$A$1:$K$500,awayStats2!$L13,FALSE) -> 2025-02-25 | D13: =HLOOKUP(awayStats2!D$1,awayStats2!$A$1:$K$500,awayStats2!$L13,FALSE) -> Nott'ham Forest | E13: =HLOOKUP(awayStats2!E$1,awayStats2!$A$1:$K$500,awayStats2!$L13,FALSE) | F13: =HLOOKUP(awayStats2!F$1,awayStats2!$A$1:$K$500,awayStats2!$L13,FALSE) | G13: =HLOOKUP(awayStats2!G$1,awayStats2!$A$1:$K$500,awayStats2!$L13,FALSE) | H13: =HLOOKUP(awayStats2!H$1,awayStats2!$A$1:$K$500,awayStats2!$L13,FALSE) -> Arsenal | ... K13: =HLOOKUP(awayStats2!K$1,awayStats2!$A$1:$K$500,awayStats2!$L13,FALSE)
... A381: =HLOOKUP(awayStats2!A$1,awayStats2!$A$1:$K$500,awayStats2!$L381,FALSE) -> 25 | B381: =HLOOKUP(awayStats2!B$1,awayStats2!$A$1:$K$500,awayStats2!$L381,FALSE) -> Sat | C381: =HLOOKUP(awayStats2!C$1,awayStats2!$A$1:$K$500,awayStats2!$L381,FALSE) -> 2025-02-15 | D381: =HLOOKUP(awayStats2!D$1,awayStats2!$A$1:$K$500,awayStats2!$L381,FALSE) -> Liverpool | E381: =HLOOKUP(awayStats2!E$1,awayStats2!$A$1:$K$500,awayStats2!$L381,FALSE) | F381: =HLOOKUP(awayStats2!F$1,awayStats2!$A$1:$K$500,awayStats2!$L381,FALSE) | G381: =HLOOKUP(awayStats2!G$1,awayStats2!$A$1:$K$500,awayStats2!$L381,FALSE) | H381: =HLOOKUP(awayStats2!H$1,awayStats2!$A$1:$K$500,awayStats2!$L381,FALSE) -> Wolves | ... K381: =HLOOKUP(awayStats2!K$1,awayStats2!$A$1:$K$500,awayStats2!$L381,FALSE)

Sheet awayStats2
A1: Wk | B1: Day | C1: Date | D1: Home | E1: xG | F1: Score | G1: xGa | H1: Away | I1: Venue | J1: Home goals | K1: Away goals | L1: Row number | N1: Home | P1: Away
A2: 19 | B2: Wed | C2: 2025-01-01 | D2: Brentford | H2: Arsenal | I2: Gtech Community Stadium | J2: =IF(F2<>"", VALUE(LEFT(SUBSTITUTE(F2, "–", "-"), FIND("-", SUBSTITUTE(F2, "–", "-")) - 1)), "") | K2: =IF(F2<>"", VALUE(RIGHT(SUBSTITUTE(F2, "–", "-"), LEN(SUBSTITUTE(F2, "–", "-")) - FIND("-", SUBSTITUTE(F2, "–", "-")))), "") | L2: 2 | N2: Average for | O2: Average against | P2: Average for | Q2: Average against
A3: 11 | B3: Sun | C3: 2024-11-10 | D3: Chelsea | H3: Arsenal | I3: Stamford Bridge | J3: =IF(F3<>"", VALUE(LEFT(SUBSTITUTE(F3, "–", "-"), FIND("-", SUBSTITUTE(F3, "–", "-")) - 1)), "") | K3: =IF(F3<>"", VALUE(RIGHT(SUBSTITUTE(F3, "–", "-"), LEN(SUBSTITUTE(F3, "–", "-")) - FIND("-", SUBSTITUTE(F3, "–", "-")))), "") | L3: =L2+1 -> 3 | N3: =AVERAGE(J2:J381) -> 1.5111111 | O3: =AVERAGE(K2:K381) -> 1.3888889 | P3: =AVERAGE(K2:K381) -> 1.3888889 | Q3: =AVERAGE(J2:J381) -> 1.5111111
A4: 13 | B4: Sat | C4: 2024-11-30 | D4: West Ham | H4: Arsenal | I4: London Stadium | J4: =IF(F4<>"", VALUE(LEFT(SUBSTITUTE(F4, "–", "-"), FIND("-", SUBSTITUTE(F4, "–", "-")) - 1)), "") | K4: =IF(F4<>"", VALUE(RIGHT(SUBSTITUTE(F4, "–", "-"), LEN(SUBSTITUTE(F4, "–", "-")) - FIND("-", SUBSTITUTE(F4, "–", "-")))), "") | L4: =L3+1 -> 4
A5: 8 | B5: Sat | C5: 2024-10-19 | D5: Bournemouth | E5: 1.8 | F5: 2–0 | G5: 0.7 | H5: Arsenal | I5: Vitality Stadium | J5: =IF(F5<>"", VALUE(LEFT(SUBSTITUTE(F5, "–", "-"), FIND("-", SUBSTITUTE(F5, "–", "-")) - 1)), "") -> 2 | K5: =IF(F5<>"", VALUE(RIGHT(SUBSTITUTE(F5, "–", "-"), LEN(SUBSTITUTE(F5, "–", "-")) - FIND("-", SUBSTITUTE(F5, "–", "-")))), "") -> 0 | L5: =L4+1 -> 5
A6: 15 | B6: Sun | C6: 2024-12-08 | D6: Fulham | H6: Arsenal | I6: Craven Cottage | J6: =IF(F6<>"", VALUE(LEFT(SUBSTITUTE(F6, "–", "-"), FIND("-", SUBSTITUTE(F6, "–", "-")) - 1)), "") | K6: =IF(F6<>"", VALUE(RIGHT(SUBSTITUTE(F6, "–", "-"), LEN(SUBSTITUTE(F6, "–", "-")) - FIND("-", SUBSTITUTE(F6, "–", "-")))), "") | L6: =L5+1 -> 6
A7: 17 | B7: Sat | C7: 2024-12-21 | D7: Crystal Palace | H7: Arsenal | I7: Selhurst Park | J7: =IF(F7<>"", VALUE(LEFT(SUBSTITUTE(F7, "–", "-"), FIND("-", SUBSTITUTE(F7, "–", "-")) - 1)), "") | K7: =IF(F7<>"", VALUE(RIGHT(SUBSTITUTE(F7, "–", "-"), LEN(SUBSTITUTE(F7, "–", "-")) - FIND("-", SUBSTITUTE(F7, "–", "-")))), "") | L7: =L6+1 -> 7
A8: 20 | B8: Sat | C8: 2025-01-04 | D8: Brighton | H8: Arsenal | I8: The American Express Stadium | J8: =IF(F8<>"", VALUE(LEFT(SUBSTITUTE(F8, "–", "-"), FIND("-", SUBSTITUTE(F8, "–", "-")) - 1)), "") | K8: =IF(F8<>"", VALUE(RIGHT(SUBSTITUTE(F8, "–", "-"), LEN(SUBSTITUTE(F8, "–", "-")) - FIND("-", SUBSTITUTE(F8, "–", "-")))), "") | L8: =L7+1 -> 8
A9: 5 | B9: Sun | C9: 2024-09-22 | D9: Manchester City | E9: 2.1 | F9: 2–2 | G9: 0.7 | H9: Arsenal | I9: Etihad Stadium | J9: =IF(F9<>"", VALUE(LEFT(SUBSTITUTE(F9, "–", "-"), FIND("-", SUBSTITUTE(F9, "–", "-")) - 1)), "") -> 2 | K9: =IF(F9<>"", VALUE(RIGHT(SUBSTITUTE(F9, "–", "-"), LEN(SUBSTITUTE(F9, "–", "-")) - FIND("-", SUBSTITUTE(F9, "–", "-")))), "") -> 2 | L9: =L8+1 -> 9
A10: 23 | B10: Sat | C10: 2025-01-25 | D10: Wolves | H10: Arsenal | I10: Molineux Stadium | J10: =IF(F10<>"", VALUE(LEFT(SUBSTITUTE(F10, "–", "-"), FIND("-", SUBSTITUTE(F10, "–", "-")) - 1)), "") | K10: =IF(F10<>"", VALUE(RIGHT(SUBSTITUTE(F10, "–", "-"), LEN(SUBSTITUTE(F10, "–", "-")) - FIND("-", SUBSTITUTE(F10, "–", "-")))), "") | L10: =L9+1 -> 10
A11: 25 | B11: Sat | C11: 2025-02-15 | D11: Leicester City | H11: Arsenal | I11: King Power Stadium | J11: =IF(F11<>"", VALUE(LEFT(SUBSTITUTE(F11, "–", "-"), FIND("-", SUBSTITUTE(F11, "–", "-")) - 1)), "") | K11: =IF(F11<>"", VALUE(RIGHT(SUBSTITUTE(F11, "–", "-"), LEN(SUBSTITUTE(F11, "–", "-")) - FIND("-", SUBSTITUTE(F11, "–", "-")))), "") | L11: =L10+1 -> 11
A12: 4 | B12: Sun | C12: 2024-09-15 | D12: Tottenham | E12: 0.7 | F12: 0–1 | G12: 0.7 | H12: Arsenal | I12: Tottenham Hotspur Stadium | J12: =IF(F12<>"", VALUE(LEFT(SUBSTITUTE(F12, "–", "-"), FIND("-", SUBSTITUTE(F12, "–", "-")) - 1)), "") -> 0 | K12: =IF(F12<>"", VALUE(RIGHT(SUBSTITUTE(F12, "–", "-"), LEN(SUBSTITUTE(F12, "–", "-")) - FIND("-", SUBSTITUTE(F12, "–", "-")))), "") -> 1 | L12: =L11+1 -> 12
A13: 27 | B13: Tue | C13: 2025-02-25 | D13: Nott'ham Forest | H13: Arsenal | I13: The City Ground | J13: =IF(F13<>"", VALUE(LEFT(SUBSTITUTE(F13, "–", "-"), FIND("-", SUBSTITUTE(F13, "–", "-")) - 1)), "") | K13: =IF(F13<>"", VALUE(RIGHT(SUBSTITUTE(F13, "–", "-"), LEN(SUBSTITUTE(F13, "–", "-")) - FIND("-", SUBSTITUTE(F13, "–", "-")))), "") | L13: =L12+1 -> 13
A14: 28 | B14: Sat | C14: 2025-03-08 | D14: Manchester Utd | H14: Arsenal | I14: Old Trafford | J14: =IF(F14<>"", VALUE(LEFT(SUBSTITUTE(F14, "–", "-"), FIND("-", SUBSTITUTE(F14, "–", "-")) - 1)), "") | K14: =IF(F14<>"", VALUE(RIGHT(SUBSTITUTE(F14, "–", "-"), LEN(SUBSTITUTE(F14, "–", "-")) - FIND("-", SUBSTITUTE(F14, "–", "-")))), "") | L14: =L13+1 -> 14
A15: 31 | B15: Sat | C15: 2025-04-05 | D15: Everton | H15: Arsenal | I15: Goodison Park | J15: =IF(F15<>"", VALUE(LEFT(SUBSTITUTE(F15, "–", "-"), FIND("-", SUBSTITUTE(F15, "–", "-")) - 1)), "") | K15: =IF(F15<>"", VALUE(RIGHT(SUBSTITUTE(F15, "–", "-"), LEN(SUBSTITUTE(F15, "–", "-")) - FIND("-", SUBSTITUTE(F15, "–", "-")))), "") | L15: =L14+1 -> 15
A16: 2 | B16: Sat | C16: 2024-08-24 | D16: Aston Villa | E16: 1.2 | F16: 0–2 | G16: 0.9 | H16: Arsenal | I16: Villa Park | J16: =IF(F16<>"", VALUE(LEFT(SUBSTITUTE(F16, "–", "-"), FIND("-", SUBSTITUTE(F16, "–", "-")) - 1)), "") -> 0 | K16: =IF(F16<>"", VALUE(RIGHT(SUBSTITUTE(F16, "–", "-"), LEN(SUBSTITUTE(F16, "–", "-")) - FIND("-", SUBSTITUTE(F16, "–", "-")))), "") -> 2 | L16: =L15+1 -> 16
A17: 10 | B17: Sat | C17: 2024-11-02 | D17: Newcastle Utd | H17: Arsenal | I17: St James' Park | J17: =IF(F17<>"", VALUE(LEFT(SUBSTITUTE(F17, "–", "-"), FIND("-", SUBSTITUTE(F17, "–", "-")) - 1)), "") | K17: =IF(F17<>"", VALUE(RIGHT(SUBSTITUTE(F17, "–", "-"), LEN(SUBSTITUTE(F17, "–", "-")) - FIND("-", SUBSTITUTE(F17, "–", "-")))), "") | L17: =L16+1 -> 17
A18: 36 | B18: Sat | C18: 2025-05-10 | D18: Liverpool | H18: Arsenal | I18: Anfield | J18: =IF(F18<>"", VALUE(LEFT(SUBSTITUTE(F18, "–", "-"), FIND("-", SUBSTITUTE(F18, "–", "-")) - 1)), "") | K18: =IF(F18<>"", VALUE(RIGHT(SUBSTITUTE(F18, "–", "-"), LEN(SUBSTITUTE(F18, "–", "-")) - FIND("-", SUBSTITUTE(F18, "–", "-")))), "") | L18: =L17+1 -> 18
A19: 38 | B19: Sun | C19: 2025-05-25 | D19: Southampton | H19: Arsenal | I19: St Mary's Stadium | J19: =IF(F19<>"", VALUE(LEFT(SUBSTITUTE(F19, "–", "-"), FIND("-", SUBSTITUTE(F19, "–", "-")) - 1)), "") | K19: =IF(F19<>"", VALUE(RIGHT(SUBSTITUTE(F19, "–", "-"), LEN(SUBSTITUTE(F19, "–", "-")) - FIND("-", SUBSTITUTE(F19, "–", "-")))), "") | L19: =L18+1 -> 19
A20: 33 | B20: Sat | C20: 2025-04-19 | D20: Ipswich Town | H20: Arsenal | I20: Portman Road Stadium | J20: =IF(F20<>"", VALUE(LEFT(SUBSTITUTE(F20, "–", "-"), FIND("-", SUBSTITUTE(F20, "–", "-")) - 1)), "") | K20: =IF(F20<>"", VALUE(RIGHT(SUBSTITUTE(F20, "–", "-"), LEN(SUBSTITUTE(F20, "–", "-")) - FIND("-", SUBSTITUTE(F20, "–", "-")))), "") | L20: =L19+1 -> 20
A21: 28 | B21: Sat | C21: 2025-03-08 | D21: Brentford | H21: Aston Villa | I21: Gtech Community Stadium | J21: =IF(F21<>"", VALUE(LEFT(SUBSTITUTE(F21, "–", "-"), FIND("-", SUBSTITUTE(F21, "–", "-")) - 1)), "") | K21: =IF(F21<>"", VALUE(RIGHT(SUBSTITUTE(F21, "–", "-"), LEN(SUBSTITUTE(F21, "–", "-")) - FIND("-", SUBSTITUTE(F21, "–", "-")))), "") | L21: =L20+1 -> 21
A22: 36 | B22: Sat | C22: 2025-05-10 | D22: Bournemouth | H22: Aston Villa | I22: Vitality Stadium | J22: =IF(F22<>"", VALUE(LEFT(SUBSTITUTE(F22, "–", "-"), FIND("-", SUBSTITUTE(F22, "–", "-")) - 1)), "") | K22: =IF(F22<>"", VALUE(RIGHT(SUBSTITUTE(F22, "–", "-"), LEN(SUBSTITUTE(F22, "–", "-")) - FIND("-", SUBSTITUTE(F22, "–", "-")))), "") | L22: =L21+1 -> 22
A23: 38 | B23: Sun | C23: 2025-05-25 | D23: Manchester Utd | H23: Aston Villa | I23: Old Trafford | J23: =IF(F23<>"", VALUE(LEFT(SUBSTITUTE(F23, "–", "-"), FIND("-", SUBSTITUTE(F23, "–", "-")) - 1)), "") | K23: =IF(F23<>"", VALUE(RIGHT(SUBSTITUTE(F23, "–", "-"), LEN(SUBSTITUTE(F23, "–", "-")) - FIND("-", SUBSTITUTE(F23, "–", "-")))), "") | L23: =L22+1 -> 23
A24: 16 | B24: Sat | C24: 2024-12-14 | D24: Nott'ham Forest | H24: Aston Villa | I24: The City Ground | J24: =IF(F24<>"", VALUE(LEFT(SUBSTITUTE(F24, "–", "-"), FIND("-", SUBSTITUTE(F24, "–", "-")) - 1)), "") | K24: =IF(F24<>"", VALUE(RIGHT(SUBSTITUTE(F24, "–", "-"), LEN(SUBSTITUTE(F24, "–", "-")) - FIND("-", SUBSTITUTE(F24, "–", "-")))), "") | L24: =L23+1 -> 24
A25: 22 | B25: Sat | C25: 2025-01-18 | D25: Arsenal | H25: Aston Villa | I25: Emirates Stadium | J25: =IF(F25<>"", VALUE(LEFT(SUBSTITUTE(F25, "–", "-"), FIND("-", SUBSTITUTE(F25, "–", "-")) - 1)), "") | K25: =IF(F25<>"", VALUE(RIGHT(SUBSTITUTE(F25, "–", "-"), LEN(SUBSTITUTE(F25, "–", "-")) - FIND("-", SUBSTITUTE(F25, "–", "-")))), "") | L25: =L24+1 -> 25
A26: 27 | B26: Tue | C26: 2025-02-25 | D26: Crystal Palace | H26: Aston Villa | I26: Selhurst Park | J26: =IF(F26<>"", VALUE(LEFT(SUBSTITUTE(F26, "–", "-"), FIND("-", SUBSTITUTE(F26, "–", "-")) - 1)), "") | K26: =IF(F26<>"", VALUE(RIGHT(SUBSTITUTE(F26, "–", "-"), LEN(SUBSTITUTE(F26, "–", "-")) - FIND("-", SUBSTITUTE(F26, "–", "-")))), "") | L26: =L25+1 -> 26
A27: 34 | B27: Sat | C27: 2025-04-26 | D27: Manchester City | H27: Aston Villa | I27: Etihad Stadium | J27: =IF(F27<>"", VALUE(LEFT(SUBSTITUTE(F27, "–", "-"), FIND("-", SUBSTITUTE(F27, "–", "-")) - 1)), "") | K27: =IF(F27<>"", VALUE(RIGHT(SUBSTITUTE(F27, "–", "-"), LEN(SUBSTITUTE(F27, "–", "-")) - FIND("-", SUBSTITUTE(F27, "–", "-")))), "") | L27: =L26+1 -> 27
A28: 24 | B28: Sat | C28: 2025-02-01 | D28: Wolves | H28: Aston Villa | I28: Molineux Stadium | J28: =IF(F28<>"", VALUE(LEFT(SUBSTITUTE(F28, "–", "-"), FIND("-", SUBSTITUTE(F28, "–", "-")) - 1)), "") | K28: =IF(F28<>"", VALUE(RIGHT(SUBSTITUTE(F28, "–", "-"), LEN(SUBSTITUTE(F28, "–", "-")) - FIND("-", SUBSTITUTE(F28, "–", "-")))), "") | L28: =L27+1 -> 28
... A31: 13 | B31: Sun | C31: 2024-12-01 | D31: Chelsea | H31: Aston Villa | I31: Stamford Bridge | J31: =IF(F31<>"", VALUE(LEFT(SUBSTITUTE(F31, "–", "-"), FIND("-", SUBSTITUTE(F31, "–", "-")) - 1)), "") | K31: =IF(F31<>"", VALUE(RIGHT(SUBSTITUTE(F31, "–", "-"), LEN(SUBSTITUTE(F31, "–", "-")) - FIND("-", SUBSTITUTE(F31, "–", "-")))), "") | L31: =L30+1 -> 31
A32: 1 | B32: Sat | C32: 2024-08-17 | D32: West Ham | E32: 2.3 | F32: 1–2 | G32: 2.0 | H32: Aston Villa | I32: London Stadium | J32: =IF(F32<>"", VALUE(LEFT(SUBSTITUTE(F32, "–", "-"), FIND("-", SUBSTITUTE(F32, "–", "-")) - 1)), "") -> 1 | K32: =IF(F32<>"", VALUE(RIGHT(SUBSTITUTE(F32, "–", "-"), LEN(SUBSTITUTE(F32, "–", "-")) - FIND("-", SUBSTITUTE(F32, "–", "-")))), "") -> 2 | L32: =L31+1 -> 32
A33: 3 | B33: Sat | C33: 2024-08-31 | D33: Leicester City | E33: 0.4 | F33: 1–2 | G33: 1.4 | H33: Aston Villa | I33: King Power Stadium | J33: =IF(F33<>"", VALUE(LEFT(SUBSTITUTE(F33, "–", "-"), FIND("-", SUBSTITUTE(F33, "–", "-")) - 1)), "") -> 1 | K33: =IF(F33<>"", VALUE(RIGHT(SUBSTITUTE(F33, "–", "-"), LEN(SUBSTITUTE(F33, "–", "-")) - FIND("-", SUBSTITUTE(F33, "–", "-")))), "") -> 2 | L33: =L32+1 -> 33
A34: 6 | B34: Sun | C34: 2024-09-29 | D34: Ipswich Town | E34: 1.2 | F34: 2–2 | G34: 0.8 | H34: Aston Villa | I34: Portman Road Stadium | J34: =IF(F34<>"", VALUE(LEFT(SUBSTITUTE(F34, "–", "-"), FIND("-", SUBSTITUTE(F34, "–", "-")) - 1)), "") -> 2 | K34: =IF(F34<>"", VALUE(RIGHT(SUBSTITUTE(F34, "–", "-"), LEN(SUBSTITUTE(F34, "–", "-")) - FIND("-", SUBSTITUTE(F34, "–", "-")))), "") -> 2 | L34: =L33+1 -> 34
A35: 10 | B35: Sun | C35: 2024-11-03 | D35: Tottenham | H35: Aston Villa | I35: Tottenham Hotspur Stadium | J35: =IF(F35<>"", VALUE(LEFT(SUBSTITUTE(F35, "–", "-"), FIND("-", SUBSTITUTE(F35, "–", "-")) - 1)), "") | K35: =IF(F35<>"", VALUE(RIGHT(SUBSTITUTE(F35, "–", "-"), LEN(SUBSTITUTE(F35, "–", "-")) - FIND("-", SUBSTITUTE(F35, "–", "-")))), "") | L35: =L34+1 -> 35
A36: 18 | B36: Thu | C36: 2024-12-26 | D36: Newcastle Utd | H36: Aston Villa | I36: St James' Park | J36: =IF(F36<>"", VALUE(LEFT(SUBSTITUTE(F36, "–", "-"), FIND("-", SUBSTITUTE(F36, "–", "-")) - 1)), "") | K36: =IF(F36<>"", VALUE(RIGHT(SUBSTITUTE(F36, "–", "-"), LEN(SUBSTITUTE(F36, "–", "-")) - FIND("-", SUBSTITUTE(F36, "–", "-")))), "") | L36: =L35+1 -> 36
A37: 8 | B37: Sat | C37: 2024-10-19 | D37: Fulham | E37: 1.8 | F37: 1–3 | G37: 1.6 | H37: Aston Villa | I37: Craven Cottage | J37: =IF(F37<>"", VALUE(LEFT(SUBSTITUTE(F37, "–", "-"), FIND("-", SUBSTITUTE(F37, "–", "-")) - 1)), "") -> 1 | K37: =IF(F37<>"", VALUE(RIGHT(SUBSTITUTE(F37, "–", "-"), LEN(SUBSTITUTE(F37, "–", "-")) - FIND("-", SUBSTITUTE(F37, "–", "-")))), "") -> 3 | L37: =L36+1 -> 37
A38: 32 | B38: Sat | C38: 2025-04-12 | D38: Southampton | H38: Aston Villa | I38: St Mary's Stadium | J38: =IF(F38<>"", VALUE(LEFT(SUBSTITUTE(F38, "–", "-"), FIND("-", SUBSTITUTE(F38, "–", "-")) - 1)), "") | K38: =IF(F38<>"", VALUE(RIGHT(SUBSTITUTE(F38, "–", "-"), LEN(SUBSTITUTE(F38, "–", "-")) - FIND("-", SUBSTITUTE(F38, "–", "-")))), "") | L38: =L37+1 -> 38
A39: 21 | B39: Wed | C39: 2025-01-15 | D39: Everton | H39: Aston Villa | I39: Goodison Park | J39: =IF(F39<>"", VALUE(LEFT(SUBSTITUTE(F39, "–", "-"), FIND("-", SUBSTITUTE(F39, "–", "-")) - 1)), "") | K39: =IF(F39<>"", VALUE(RIGHT(SUBSTITUTE(F39, "–", "-"), LEN(SUBSTITUTE(F39, "–", "-")) - FIND("-", SUBSTITUTE(F39, "–", "-")))), "") | L39: =L38+1 -> 39
A40: 21 | B40: Tue | C40: 2025-01-14 | D40: Chelsea | H40: Bournemouth | I40: Stamford Bridge | J40: =IF(F40<>"", VALUE(LEFT(SUBSTITUTE(F40, "–", "-"), FIND("-", SUBSTITUTE(F40, "–", "-")) - 1)), "") | K40: =IF(F40<>"", VALUE(RIGHT(SUBSTITUTE(F40, "–", "-"), LEN(SUBSTITUTE(F40, "–", "-")) - FIND("-", SUBSTITUTE(F40, "–", "-")))), "") | L40: =L39+1 -> 40
A41: 22 | B41: Sat | C41: 2025-01-18 | D41: Newcastle Utd | H41: Bournemouth | I41: St James' Park | J41: =IF(F41<>"", VALUE(LEFT(SUBSTITUTE(F41, "–", "-"), FIND("-", SUBSTITUTE(F41, "–", "-")) - 1)), "") | K41: =IF(F41<>"", VALUE(RIGHT(SUBSTITUTE(F41, "–", "-"), LEN(SUBSTITUTE(F41, "–", "-")) - FIND("-", SUBSTITUTE(F41, "–", "-")))), "") | L41: =L40+1 -> 41
A42: 17 | B42: Sat | C42: 2024-12-21 | D42: Manchester Utd | H42: Bournemouth | I42: Old Trafford | J42: =IF(F42<>"", VALUE(LEFT(SUBSTITUTE(F42, "–", "-"), FIND("-", SUBSTITUTE(F42, "–", "-")) - 1)), "") | K42: =IF(F42<>"", VALUE(RIGHT(SUBSTITUTE(F42, "–", "-"), LEN(SUBSTITUTE(F42, "–", "-")) - FIND("-", SUBSTITUTE(F42, "–", "-")))), "") | L42: =L41+1 -> 42
A43: 7 | B43: Sat | C43: 2024-10-05 | D43: Leicester City | E43: 0.8 | F43: 1–0 | G43: 2.1 | H43: Bournemouth | I43: King Power Stadium | J43: =IF(F43<>"", VALUE(LEFT(SUBSTITUTE(F43, "–", "-"), FIND("-", SUBSTITUTE(F43, "–", "-")) - 1)), "") -> 1 | K43: =IF(F43<>"", VALUE(RIGHT(SUBSTITUTE(F43, "–", "-"), LEN(SUBSTITUTE(F43, "–", "-")) - FIND("-", SUBSTITUTE(F43, "–", "-")))), "") -> 0 | L43: =L42+1 -> 43
A44: 1 | B44: Sat | C44: 2024-08-17 | D44: Nott'ham Forest | E44: 1.3 | F44: 1–1 | G44: 1.2 | H44: Bournemouth | I44: The City Ground | J44: =IF(F44<>"", VALUE(LEFT(SUBSTITUTE(F44, "–", "-"), FIND("-", SUBSTITUTE(F44, "–", "-")) - 1)), "") -> 1 | K44: =IF(F44<>"", VALUE(RIGHT(SUBSTITUTE(F44, "–", "-"), LEN(SUBSTITUTE(F44, "–", "-")) - FIND("-", SUBSTITUTE(F44, "–", "-")))), "") -> 1 | L44: =L43+1 -> 44
A45: 35 | B45: Sat | C45: 2025-05-03 | D45: Arsenal | H45: Bournemouth | I45: Emirates Stadium | J45: =IF(F45<>"", VALUE(LEFT(SUBSTITUTE(F45, "–", "-"), FIND("-", SUBSTITUTE(F45, "–", "-")) - 1)), "") | K45: =IF(F45<>"", VALUE(RIGHT(SUBSTITUTE(F45, "–", "-"), LEN(SUBSTITUTE(F45, "–", "-")) - FIND("-", SUBSTITUTE(F45, "–", "-")))), "") | L45: =L44+1 -> 45
A46: 13 | B46: Sat | C46: 2024-11-30 | D46: Wolves | H46: Bournemouth | I46: Molineux Stadium | J46: =IF(F46<>"", VALUE(LEFT(SUBSTITUTE(F46, "–", "-"), FIND("-", SUBSTITUTE(F46, "–", "-")) - 1)), "") | K46: =IF(F46<>"", VALUE(RIGHT(SUBSTITUTE(F46, "–", "-"), LEN(SUBSTITUTE(F46, "–", "-")) - FIND("-", SUBSTITUTE(F46, "–", "-")))), "") | L46: =L45+1 -> 46
A47: 3 | B47: Sat | C47: 2024-08-31 | D47: Everton | E47: 1.8 | F47: 2–3 | G47: 2.4 | H47: Bournemouth | I47: Goodison Park | J47: =IF(F47<>"", VALUE(LEFT(SUBSTITUTE(F47, "–", "-"), FIND("-", SUBSTITUTE(F47, "–", "-")) - 1)), "") -> 2 | K47: =IF(F47<>"", VALUE(RIGHT(SUBSTITUTE(F47, "–", "-"), LEN(SUBSTITUTE(F47, "–", "-")) - FIND("-", SUBSTITUTE(F47, "–", "-")))), "") -> 3 | L47: =L46+1 -> 47
A48: 33 | B48: Sat | C48: 2025-04-19 | D48: Crystal Palace | H48: Bournemouth | I48: Selhurst Park | J48: =IF(F48<>"", VALUE(LEFT(SUBSTITUTE(F48, "–", "-"), FIND("-", SUBSTITUTE(F48, "–", "-")) - 1)), "") | K48: =IF(F48<>"", VALUE(RIGHT(SUBSTITUTE(F48, "–", "-"), LEN(SUBSTITUTE(F48, "–", "-")) - FIND("-", SUBSTITUTE(F48, "–", "-")))), "") | L48: =L47+1 -> 48
A49: 31 | B49: Sat | C49: 2025-04-05 | D49: West Ham | H49: Bournemouth | I49: London Stadium | J49: =IF(F49<>"", VALUE(LEFT(SUBSTITUTE(F49, "–", "-"), FIND("-", SUBSTITUTE(F49, "–", "-")) - 1)), "") | K49: =IF(F49<>"", VALUE(RIGHT(SUBSTITUTE(F49, "–", "-"), LEN(SUBSTITUTE(F49, "–", "-")) - FIND("-", SUBSTITUTE(F49, "–", "-")))), "") | L49: =L48+1 -> 49
A50: 37 | B50: Sun | C50: 2025-05-18 | D50: Manchester City | H50: Bournemouth | I50: Etihad Stadium | J50: =IF(F50<>"", VALUE(LEFT(SUBSTITUTE(F50, "–", "-"), FIND("-", SUBSTITUTE(F50, "–", "-")) - 1)), "") | K50: =IF(F50<>"", VALUE(RIGHT(SUBSTITUTE(F50, "–", "-"), LEN(SUBSTITUTE(F50, "–", "-")) - FIND("-", SUBSTITUTE(F50, "–", "-")))), "") | L50: =L49+1 -> 50
A51: 9 | B51: Sat | C51: 2024-10-26 | D51: Aston Villa | E51: 1.8 | F51: 1–1 | G51: 0.3 | H51: Bournemouth | I51: Villa Park | J51: =IF(F51<>"", VALUE(LEFT(SUBSTITUTE(F51, "–", "-"), FIND("-", SUBSTITUTE(F51, "–", "-")) - 1)), "") -> 1 | K51: =IF(F51<>"", VALUE(RIGHT(SUBSTITUTE(F51, "–", "-"), LEN(SUBSTITUTE(F51, "–", "-")) - FIND("-", SUBSTITUTE(F51, "–", "-")))), "") -> 1 | L51: =L50+1 -> 51
A52: 28 | B52: Sat | C52: 2025-03-08 | D52: Tottenham | H52: Bournemouth | I52: Tottenham Hotspur Stadium | J52: =IF(F52<>"", VALUE(LEFT(SUBSTITUTE(F52, "–", "-"), FIND("-", SUBSTITUTE(F52, "–", "-")) - 1)), "") | K52: =IF(F52<>"", VALUE(RIGHT(SUBSTITUTE(F52, "–", "-"), LEN(SUBSTITUTE(F52, "–", "-")) - FIND("-", SUBSTITUTE(F52, "–", "-")))), "") | L52: =L51+1 -> 52
A53: 15 | B53: Sun | C53: 2024-12-08 | D53: Ipswich Town | H53: Bournemouth | I53: Portman Road Stadium | J53: =IF(F53<>"", VALUE(LEFT(SUBSTITUTE(F53, "–", "-"), FIND("-", SUBSTITUTE(F53, "–", "-")) - 1)), "") | K53: =IF(F53<>"", VALUE(RIGHT(SUBSTITUTE(F53, "–", "-"), LEN(SUBSTITUTE(F53, "–", "-")) - FIND("-", SUBSTITUTE(F53, "–", "-")))), "") | L53: =L52+1 -> 53
A54: 11 | B54: Sat | C54: 2024-11-09 | D54: Brentford | H54: Bournemouth | I54: Gtech Community Stadium | J54: =IF(F54<>"", VALUE(LEFT(SUBSTITUTE(F54, "–", "-"), FIND("-", SUBSTITUTE(F54, "–", "-")) - 1)), "") | K54: =IF(F54<>"", VALUE(RIGHT(SUBSTITUTE(F54, "–", "-"), LEN(SUBSTITUTE(F54, "–", "-")) - FIND("-", SUBSTITUTE(F54, "–", "-")))), "") | L54: =L53+1 -> 54
A55: 25 | B55: Sat | C55: 2025-02-15 | D55: Southampton | H55: Bournemouth | I55: St Mary's Stadium | J55: =IF(F55<>"", VALUE(LEFT(SUBSTITUTE(F55, "–", "-"), FIND("-", SUBSTITUTE(F55, "–", "-")) - 1)), "") | K55: =IF(F55<>"", VALUE(RIGHT(SUBSTITUTE(F55, "–", "-"), LEN(SUBSTITUTE(F55, "–", "-")) - FIND("-", SUBSTITUTE(F55, "–", "-")))), "") | L55: =L54+1 -> 55
A56: 5 | B56: Sat | C56: 2024-09-21 | D56: Liverpool | E56: 2.0 | F56: 3–0 | G56: 1.1 | H56: Bournemouth | I56: Anfield | J56: =IF(F56<>"", VALUE(LEFT(SUBSTITUTE(F56, "–", "-"), FIND("-", SUBSTITUTE(F56, "–", "-")) - 1)), "") -> 3 | K56: =IF(F56<>"", VALUE(RIGHT(SUBSTITUTE(F56, "–", "-"), LEN(SUBSTITUTE(F56, "–", "-")) - FIND("-", SUBSTITUTE(F56, "–", "-")))), "") -> 0 | L56: =L55+1 -> 56
A57: 27 | B57: Tue | C57: 2025-02-25 | D57: Brighton | H57: Bournemouth | I57: The American Express Stadium | J57: =IF(F57<>"", VALUE(LEFT(SUBSTITUTE(F57, "–", "-"), FIND("-", SUBSTITUTE(F57, "–", "-")) - 1)), "") | K57: =IF(F57<>"", VALUE(RIGHT(SUBSTITUTE(F57, "–", "-"), LEN(SUBSTITUTE(F57, "–", "-")) - FIND("-", SUBSTITUTE(F57, "–", "-")))), "") | L57: =L56+1 -> 57
A58: 19 | B58: Sun | C58: 2024-12-29 | D58: Fulham | H58: Bournemouth | I58: Craven Cottage | J58: =IF(F58<>"", VALUE(LEFT(SUBSTITUTE(F58, "–", "-"), FIND("-", SUBSTITUTE(F58, "–", "-")) - 1)), "") | K58: =IF(F58<>"", VALUE(RIGHT(SUBSTITUTE(F58, "–", "-"), LEN(SUBSTITUTE(F58, "–", "-")) - FIND("-", SUBSTITUTE(F58, "–", "-")))), "") | L58: =L57+1 -> 58
A59: 16 | B59: Sun | C59: 2024-12-15 | D59: Chelsea | H59: Brentford | I59: Stamford Bridge | J59: =IF(F59<>"", VALUE(LEFT(SUBSTITUTE(F59, "–", "-"), FIND("-", SUBSTITUTE(F59, "–", "-")) - 1)), "") | K59: =IF(F59<>"", VALUE(RIGHT(SUBSTITUTE(F59, "–", "-"), LEN(SUBSTITUTE(F59, "–", "-")) - FIND("-", SUBSTITUTE(F59, "–", "-")))), "") | L59: =L58+1 -> 59
A60: 18 | B60: Fri | C60: 2024-12-27 | D60: Brighton | H60: Brentford | I60: The American Express Stadium | J60: =IF(F60<>"", VALUE(LEFT(SUBSTITUTE(F60, "–", "-"), FIND("-", SUBSTITUTE(F60, "–", "-")) - 1)), "") | K60: =IF(F60<>"", VALUE(RIGHT(SUBSTITUTE(F60, "–", "-"), LEN(SUBSTITUTE(F60, "–", "-")) - FIND("-", SUBSTITUTE(F60, "–", "-")))), "") | L60: =L59+1 -> 60
A61: 12 | B61: Sat | C61: 2024-11-23 | D61: Everton | H61: Brentford | I61: Goodison Park | J61: =IF(F61<>"", VALUE(LEFT(SUBSTITUTE(F61, "–", "-"), FIND("-", SUBSTITUTE(F61, "–", "-")) - 1)), "") | K61: =IF(F61<>"", VALUE(RIGHT(SUBSTITUTE(F61, "–", "-"), LEN(SUBSTITUTE(F61, "–", "-")) - FIND("-", SUBSTITUTE(F61, "–", "-")))), "") | L61: =L60+1 -> 61
A62: 14 | B62: Wed | C62: 2024-12-04 | D62: Aston Villa | H62: Brentford | I62: Villa Park | J62: =IF(F62<>"", VALUE(LEFT(SUBSTITUTE(F62, "–", "-"), FIND("-", SUBSTITUTE(F62, "–", "-")) - 1)), "") | K62: =IF(F62<>"", VALUE(RIGHT(SUBSTITUTE(F62, "–", "-"), LEN(SUBSTITUTE(F62, "–", "-")) - FIND("-", SUBSTITUTE(F62, "–", "-")))), "") | L62: =L61+1 -> 62
A63: 23 | B63: Sun | C63: 2025-01-26 | D63: Crystal Palace | H63: Brentford | I63: Selhurst Park | J63: =IF(F63<>"", VALUE(LEFT(SUBSTITUTE(F63, "–", "-"), FIND("-", SUBSTITUTE(F63, "–", "-")) - 1)), "") | K63: =IF(F63<>"", VALUE(RIGHT(SUBSTITUTE(F63, "–", "-"), LEN(SUBSTITUTE(F63, "–", "-")) - FIND("-", SUBSTITUTE(F63, "–", "-")))), "") | L63: =L62+1 -> 63
A64: 38 | B64: Sun | C64: 2025-05-25 | D64: Wolves | H64: Brentford | I64: Molineux Stadium | J64: =IF(F64<>"", VALUE(LEFT(SUBSTITUTE(F64, "–", "-"), FIND("-", SUBSTITUTE(F64, "–", "-")) - 1)), "") | K64: =IF(F64<>"", VALUE(RIGHT(SUBSTITUTE(F64, "–", "-"), LEN(SUBSTITUTE(F64, "–", "-")) - FIND("-", SUBSTITUTE(F64, "–", "-")))), "") | L64: =L63+1 -> 64
A65: 20 | B65: Sat | C65: 2025-01-04 | D65: Southampton | H65: Brentford | I65: St Mary's Stadium | J65: =IF(F65<>"", VALUE(LEFT(SUBSTITUTE(F65, "–", "-"), FIND("-", SUBSTITUTE(F65, "–", "-")) - 1)), "") | K65: =IF(F65<>"", VALUE(RIGHT(SUBSTITUTE(F65, "–", "-"), LEN(SUBSTITUTE(F65, "–", "-")) - FIND("-", SUBSTITUTE(F65, "–", "-")))), "") | L65: =L64+1 -> 65
A66: 36 | B66: Sat | C66: 2025-05-10 | D66: Ipswich Town | H66: Brentford | I66: Portman Road Stadium | J66: =IF(F66<>"", VALUE(LEFT(SUBSTITUTE(F66, "–", "-"), FIND("-", SUBSTITUTE(F66, "–", "-")) - 1)), "") | K66: =IF(F66<>"", VALUE(RIGHT(SUBSTITUTE(F66, "–", "-"), LEN(SUBSTITUTE(F66, "–", "-")) - FIND("-", SUBSTITUTE(F66, "–", "-")))), "") | L66: =L65+1 -> 66
A67: 8 | B67: Sat | C67: 2024-10-19 | D67: Manchester Utd | E67: 1.3 | F67: 2–1 | G67: 0.9 | H67: Brentford | I67: Old Trafford | J67: =IF(F67<>"", VALUE(LEFT(SUBSTITUTE(F67, "–", "-"), FIND("-", SUBSTITUTE(F67, "–", "-")) - 1)), "") -> 2 | K67: =IF(F67<>"", VALUE(RIGHT(SUBSTITUTE(F67, "–", "-"), LEN(SUBSTITUTE(F67, "–", "-")) - FIND("-", SUBSTITUTE(F67, "–", "-")))), "") -> 1 | L67: =L66+1 -> 67
A68: 25 | B68: Sat | C68: 2025-02-15 | D68: West Ham | H68: Brentford | I68: London Stadium | J68: =IF(F68<>"", VALUE(LEFT(SUBSTITUTE(F68, "–", "-"), FIND("-", SUBSTITUTE(F68, "–", "-")) - 1)), "") | K68: =IF(F68<>"", VALUE(RIGHT(SUBSTITUTE(F68, "–", "-"), LEN(SUBSTITUTE(F68, "–", "-")) - FIND("-", SUBSTITUTE(F68, "–", "-")))), "") | L68: =L67+1 -> 68
A69: 26 | B69: Sat | C69: 2025-02-22 | D69: Leicester City | H69: Brentford | I69: King Power Stadium | J69: =IF(F69<>"", VALUE(LEFT(SUBSTITUTE(F69, "–", "-"), FIND("-", SUBSTITUTE(F69, "–", "-")) - 1)), "") | K69: =IF(F69<>"", VALUE(RIGHT(SUBSTITUTE(F69, "–", "-"), LEN(SUBSTITUTE(F69, "–", "-")) - FIND("-", SUBSTITUTE(F69, "–", "-")))), "") | L69: =L68+1 -> 69
A70: 34 | B70: Sat | C70: 2025-04-26 | D70: Nott'ham Forest | H70: Brentford | I70: The City Ground | J70: =IF(F70<>"", VALUE(LEFT(SUBSTITUTE(F70, "–", "-"), FIND("-", SUBSTITUTE(F70, "–", "-")) - 1)), "") | K70: =IF(F70<>"", VALUE(RIGHT(SUBSTITUTE(F70, "–", "-"), LEN(SUBSTITUTE(F70, "–", "-")) - FIND("-", SUBSTITUTE(F70, "–", "-")))), "") | L70: =L69+1 -> 70
A71: 4 | B71: Sat | C71: 2024-09-14 | D71: Manchester City | E71: 2.1 | F71: 2–1 | G71: 1.0 | H71: Brentford | I71: Etihad Stadium | J71: =IF(F71<>"", VALUE(LEFT(SUBSTITUTE(F71, "–", "-"), FIND("-", SUBSTITUTE(F71, "–", "-")) - 1)), "") -> 2 | K71: =IF(F71<>"", VALUE(RIGHT(SUBSTITUTE(F71, "–", "-"), LEN(SUBSTITUTE(F71, "–", "-")) - FIND("-", SUBSTITUTE(F71, "–", "-")))), "") -> 1 | L71: =L70+1 -> 71
A72: 10 | B72: Mon | C72: 2024-11-04 | D72: Fulham | H72: Brentford | I72: Craven Cottage | J72: =IF(F72<>"", VALUE(LEFT(SUBSTITUTE(F72, "–", "-"), FIND("-", SUBSTITUTE(F72, "–", "-")) - 1)), "") | K72: =IF(F72<>"", VALUE(RIGHT(SUBSTITUTE(F72, "–", "-"), LEN(SUBSTITUTE(F72, "–", "-")) - FIND("-", SUBSTITUTE(F72, "–", "-")))), "") | L72: =L71+1 -> 72
A73: 29 | B73: Sat | C73: 2025-03-15 | D73: Bournemouth | H73: Brentford | I73: Vitality Stadium | J73: =IF(F73<>"", VALUE(LEFT(SUBSTITUTE(F73, "–", "-"), FIND("-", SUBSTITUTE(F73, "–", "-")) - 1)), "") | K73: =IF(F73<>"", VALUE(RIGHT(SUBSTITUTE(F73, "–", "-"), LEN(SUBSTITUTE(F73, "–", "-")) - FIND("-", SUBSTITUTE(F73, "–", "-")))), "") | L73: =L72+1 -> 73
A74: 30 | B74: Wed | C74: 2025-04-02 | D74: Newcastle Utd | H74: Brentford | I74: St James' Park | J74: =IF(F74<>"", VALUE(LEFT(SUBSTITUTE(F74, "–", "-"), FIND("-", SUBSTITUTE(F74, "–", "-")) - 1)), "") | K74: =IF(F74<>"", VALUE(RIGHT(SUBSTITUTE(F74, "–", "-"), LEN(SUBSTITUTE(F74, "–", "-")) - FIND("-", SUBSTITUTE(F74, "–", "-")))), "") | L74: =L73+1 -> 74
A75: 2 | B75: Sun | C75: 2024-08-25 | D75: Liverpool | E75: 2.5 | F75: 2–0 | G75: 0.5 | H75: Brentford | I75: Anfield | J75: =IF(F75<>"", VALUE(LEFT(SUBSTITUTE(F75, "–", "-"), FIND("-", SUBSTITUTE(F75, "–", "-")) - 1)), "") -> 2 | K75: =IF(F75<>"", VALUE(RIGHT(SUBSTITUTE(F75, "–", "-"), LEN(SUBSTITUTE(F75, "–", "-")) - FIND("-", SUBSTITUTE(F75, "–", "-")))), "") -> 0 | L75: =L74+1 -> 75
A76: 32 | B76: Sat | C76: 2025-04-12 | D76: Arsenal | H76: Brentford | I76: Emirates Stadium | J76: =IF(F76<>"", VALUE(LEFT(SUBSTITUTE(F76, "–", "-"), FIND("-", SUBSTITUTE(F76, "–", "-")) - 1)), "") | K76: =IF(F76<>"", VALUE(RIGHT(SUBSTITUTE(F76, "–", "-"), LEN(SUBSTITUTE(F76, "–", "-")) - FIND("-", SUBSTITUTE(F76, "–", "-")))), "") | L76: =L75+1 -> 76
A77: 5 | B77: Sat | C77: 2024-09-21 | D77: Tottenham | E77: 3.5 | F77: 3–1 | G77: 0.8 | H77: Brentford | I77: Tottenham Hotspur Stadium | J77: =IF(F77<>"", VALUE(LEFT(SUBSTITUTE(F77, "–", "-"), FIND("-", SUBSTITUTE(F77, "–", "-")) - 1)), "") -> 3 | K77: =IF(F77<>"", VALUE(RIGHT(SUBSTITUTE(F77, "–", "-"), LEN(SUBSTITUTE(F77, "–", "-")) - FIND("-", SUBSTITUTE(F77, "–", "-")))), "") -> 1 | L77: =L76+1 -> 77
A78: 12 | B78: Sat | C78: 2024-11-23 | D78: Bournemouth | H78: Brighton | I78: Vitality Stadium | J78: =IF(F78<>"", VALUE(LEFT(SUBSTITUTE(F78, "–", "-"), FIND("-", SUBSTITUTE(F78, "–", "-")) - 1)), "") | K78: =IF(F78<>"", VALUE(RIGHT(SUBSTITUTE(F78, "–", "-"), LEN(SUBSTITUTE(F78, "–", "-")) - FIND("-", SUBSTITUTE(F78, "–", "-")))), "") | L78: =L77+1 -> 78
A79: 21 | B79: Thu | C79: 2025-01-16 | D79: Ipswich Town | H79: Brighton | I79: Portman Road Stadium | J79: =IF(F79<>"", VALUE(LEFT(SUBSTITUTE(F79, "–", "-"), FIND("-", SUBSTITUTE(F79, "–", "-")) - 1)), "") | K79: =IF(F79<>"", VALUE(RIGHT(SUBSTITUTE(F79, "–", "-"), LEN(SUBSTITUTE(F79, "–", "-")) - FIND("-", SUBSTITUTE(F79, "–", "-")))), "") | L79: =L78+1 -> 79
A80: 15 | B80: Sun | C80: 2024-12-08 | D80: Leicester City | H80: Brighton | I80: King Power Stadium | J80: =IF(F80<>"", VALUE(LEFT(SUBSTITUTE(F80, "–", "-"), FIND("-", SUBSTITUTE(F80, "–", "-")) - 1)), "") | K80: =IF(F80<>"", VALUE(RIGHT(SUBSTITUTE(F80, "–", "-"), LEN(SUBSTITUTE(F80, "–", "-")) - FIND("-", SUBSTITUTE(F80, "–", "-")))), "") | L80: =L79+1 -> 80
A81: 17 | B81: Sat | C81: 2024-12-21 | D81: West Ham | H81: Brighton | I81: London Stadium | J81: =IF(F81<>"", VALUE(LEFT(SUBSTITUTE(F81, "–", "-"), FIND("-", SUBSTITUTE(F81, "–", "-")) - 1)), "") | K81: =IF(F81<>"", VALUE(RIGHT(SUBSTITUTE(F81, "–", "-"), LEN(SUBSTITUTE(F81, "–", "-")) - FIND("-", SUBSTITUTE(F81, "–", "-")))), "") | L81: =L80+1 -> 81
A82: 36 | B82: Sat | C82: 2025-05-10 | D82: Wolves | H82: Brighton | I82: Molineux Stadium | J82: =IF(F82<>"", VALUE(LEFT(SUBSTITUTE(F82, "–", "-"), FIND("-", SUBSTITUTE(F82, "–", "-")) - 1)), "") | K82: =IF(F82<>"", VALUE(RIGHT(SUBSTITUTE(F82, "–", "-"), LEN(SUBSTITUTE(F82, "–", "-")) - FIND("-", SUBSTITUTE(F82, "–", "-")))), "") | L82: =L81+1 -> 82
A83: 19 | B83: Mon | C83: 2024-12-30 | D83: Aston Villa | H83: Brighton | I83: Villa Park | J83: =IF(F83<>"", VALUE(LEFT(SUBSTITUTE(F83, "–", "-"), FIND("-", SUBSTITUTE(F83, "–", "-")) - 1)), "") | K83: =IF(F83<>"", VALUE(RIGHT(SUBSTITUTE(F83, "–", "-"), LEN(SUBSTITUTE(F83, "–", "-")) - FIND("-", SUBSTITUTE(F83, "–", "-")))), "") | L83: =L82+1 -> 83
A84: 22 | B84: Sun | C84: 2025-01-19 | D84: Manchester Utd | H84: Brighton | I84: Old Trafford | J84: =IF(F84<>"", VALUE(LEFT(SUBSTITUTE(F84, "–", "-"), FIND("-", SUBSTITUTE(F84, "–", "-")) - 1)), "") | K84: =IF(F84<>"", VALUE(RIGHT(SUBSTITUTE(F84, "–", "-"), LEN(SUBSTITUTE(F84, "–", "-")) - FIND("-", SUBSTITUTE(F84, "–", "-")))), "") | L84: =L83+1 -> 84
A85: 10 | B85: Sat | C85: 2024-11-02 | D85: Liverpool | H85: Brighton | I85: Anfield | J85: =IF(F85<>"", VALUE(LEFT(SUBSTITUTE(F85, "–", "-"), FIND("-", SUBSTITUTE(F85, "–", "-")) - 1)), "") | K85: =IF(F85<>"", VALUE(RIGHT(SUBSTITUTE(F85, "–", "-"), LEN(SUBSTITUTE(F85, "–", "-")) - FIND("-", SUBSTITUTE(F85, "–", "-")))), "") | L85: =L84+1 -> 85
A86: 24 | B86: Sat | C86: 2025-02-01 | D86: Nott'ham Forest | H86: Brighton | I86: The City Ground | J86: =IF(F86<>"", VALUE(LEFT(SUBSTITUTE(F86, "–", "-"), FIND("-", SUBSTITUTE(F86, "–", "-")) - 1)), "") | K86: =IF(F86<>"", VALUE(RIGHT(SUBSTITUTE(F86, "–", "-"), LEN(SUBSTITUTE(F86, "–", "-")) - FIND("-", SUBSTITUTE(F86, "–", "-")))), "") | L86: =L85+1 -> 86
A87: 26 | B87: Sat | C87: 2025-02-22 | D87: Southampton | H87: Brighton | I87: St Mary's Stadium | J87: =IF(F87<>"", VALUE(LEFT(SUBSTITUTE(F87, "–", "-"), FIND("-", SUBSTITUTE(F87, "–", "-")) - 1)), "") | K87: =IF(F87<>"", VALUE(RIGHT(SUBSTITUTE(F87, "–", "-"), LEN(SUBSTITUTE(F87, "–", "-")) - FIND("-", SUBSTITUTE(F87, "–", "-")))), "") | L87: =L86+1 -> 87
A88: 29 | B88: Sat | C88: 2025-03-15 | D88: Manchester City | H88: Brighton | I88: Etihad Stadium | J88: =IF(F88<>"", VALUE(LEFT(SUBSTITUTE(F88, "–", "-"), FIND("-", SUBSTITUTE(F88, "–", "-")) - 1)), "") | K88: =IF(F88<>"", VALUE(RIGHT(SUBSTITUTE(F88, "–", "-"), LEN(SUBSTITUTE(F88, "–", "-")) - FIND("-", SUBSTITUTE(F88, "–", "-")))), "") | L88: =L87+1 -> 88
A89: 31 | B89: Sat | C89: 2025-04-05 | D89: Crystal Palace | H89: Brighton | I89: Selhurst Park | J89: =IF(F89<>"", VALUE(LEFT(SUBSTITUTE(F89, "–", "-"), FIND("-", SUBSTITUTE(F89, "–", "-")) - 1)), "") | K89: =IF(F89<>"", VALUE(RIGHT(SUBSTITUTE(F89, "–", "-"), LEN(SUBSTITUTE(F89, "–", "-")) - FIND("-", SUBSTITUTE(F89, "–", "-")))), "") | L89: =L88+1 -> 89
... A92: 38 | B92: Sun | C92: 2025-05-25 | D92: Tottenham | H92: Brighton | I92: Tottenham Hotspur Stadium | J92: =IF(F92<>"", VALUE(LEFT(SUBSTITUTE(F92, "–", "-"), FIND("-", SUBSTITUTE(F92, "–", "-")) - 1)), "") | K92: =IF(F92<>"", VALUE(RIGHT(SUBSTITUTE(F92, "–", "-"), LEN(SUBSTITUTE(F92, "–", "-")) - FIND("-", SUBSTITUTE(F92, "–", "-")))), "") | L92: =L91+1 -> 92
A93: 8 | B93: Sat | C93: 2024-10-19 | D93: Newcastle Utd | E93: 2.0 | F93: 0–1 | G93: 1.1 | H93: Brighton | I93: St James' Park | J93: =IF(F93<>"", VALUE(LEFT(SUBSTITUTE(F93, "–", "-"), FIND("-", SUBSTITUTE(F93, "–", "-")) - 1)), "") -> 0 | K93: =IF(F93<>"", VALUE(RIGHT(SUBSTITUTE(F93, "–", "-"), LEN(SUBSTITUTE(F93, "–", "-")) - FIND("-", SUBSTITUTE(F93, "–", "-")))), "") -> 1 | L93: =L92+1 -> 93
A94: 1 | B94: Sat | C94: 2024-08-17 | D94: Everton | E94: 0.5 | F94: 0–3 | G94: 1.4 | H94: Brighton | I94: Goodison Park | J94: =IF(F94<>"", VALUE(LEFT(SUBSTITUTE(F94, "–", "-"), FIND("-", SUBSTITUTE(F94, "–", "-")) - 1)), "") -> 0 | K94: =IF(F94<>"", VALUE(RIGHT(SUBSTITUTE(F94, "–", "-"), LEN(SUBSTITUTE(F94, "–", "-")) - FIND("-", SUBSTITUTE(F94, "–", "-")))), "") -> 3 | L94: =L93+1 -> 94
A95: 3 | B95: Sat | C95: 2024-08-31 | D95: Arsenal | E95: 2.1 | F95: 1–1 | G95: 1.7 | H95: Brighton | I95: Emirates Stadium | J95: =IF(F95<>"", VALUE(LEFT(SUBSTITUTE(F95, "–", "-"), FIND("-", SUBSTITUTE(F95, "–", "-")) - 1)), "") -> 1 | K95: =IF(F95<>"", VALUE(RIGHT(SUBSTITUTE(F95, "–", "-"), LEN(SUBSTITUTE(F95, "–", "-")) - FIND("-", SUBSTITUTE(F95, "–", "-")))), "") -> 1 | L95: =L94+1 -> 95
A96: 6 | B96: Sat | C96: 2024-09-28 | D96: Chelsea | E96: 4.2 | F96: 4–2 | G96: 1.1 | H96: Brighton | I96: Stamford Bridge | J96: =IF(F96<>"", VALUE(LEFT(SUBSTITUTE(F96, "–", "-"), FIND("-", SUBSTITUTE(F96, "–", "-")) - 1)), "") -> 4 | K96: =IF(F96<>"", VALUE(RIGHT(SUBSTITUTE(F96, "–", "-"), LEN(SUBSTITUTE(F96, "–", "-")) - FIND("-", SUBSTITUTE(F96, "–", "-")))), "") -> 2 | L96: =L95+1 -> 96
A97: 14 | B97: Wed | C97: 2024-12-04 | D97: Southampton | H97: Chelsea | I97: St Mary's Stadium | J97: =IF(F97<>"", VALUE(LEFT(SUBSTITUTE(F97, "–", "-"), FIND("-", SUBSTITUTE(F97, "–", "-")) - 1)), "") | K97: =IF(F97<>"", VALUE(RIGHT(SUBSTITUTE(F97, "–", "-"), LEN(SUBSTITUTE(F97, "–", "-")) - FIND("-", SUBSTITUTE(F97, "–", "-")))), "") | L97: =L96+1 -> 97
A98: 4 | B98: Sat | C98: 2024-09-14 | D98: Bournemouth | E98: 1.7 | F98: 0–1 | G98: 0.8 | H98: Chelsea | I98: Vitality Stadium | J98: =IF(F98<>"", VALUE(LEFT(SUBSTITUTE(F98, "–", "-"), FIND("-", SUBSTITUTE(F98, "–", "-")) - 1)), "") -> 0 | K98: =IF(F98<>"", VALUE(RIGHT(SUBSTITUTE(F98, "–", "-"), LEN(SUBSTITUTE(F98, "–", "-")) - FIND("-", SUBSTITUTE(F98, "–", "-")))), "") -> 1 | L98: =L97+1 -> 98
A99: 26 | B99: Sat | C99: 2025-02-22 | D99: Aston Villa | H99: Chelsea | I99: Villa Park | J99: =IF(F99<>"", VALUE(LEFT(SUBSTITUTE(F99, "–", "-"), FIND("-", SUBSTITUTE(F99, "–", "-")) - 1)), "") | K99: =IF(F99<>"", VALUE(RIGHT(SUBSTITUTE(F99, "–", "-"), LEN(SUBSTITUTE(F99, "–", "-")) - FIND("-", SUBSTITUTE(F99, "–", "-")))), "") | L99: =L98+1 -> 99
A100: 25 | B100: Sat | C100: 2025-02-15 | D100: Brighton | H100: Chelsea | I100: The American Express Stadium | J100: =IF(F100<>"", VALUE(LEFT(SUBSTITUTE(F100, "–", "-"), FIND("-", SUBSTITUTE(F100, "–", "-")) - 1)), "") | K100: =IF(F100<>"", VALUE(RIGHT(SUBSTITUTE(F100, "–", "-"), LEN(SUBSTITUTE(F100, "–", "-")) - FIND("-", SUBSTITUTE(F100, "–", "-")))), "") | L100: =L99+1 -> 100
A101: 5 | B101: Sat | C101: 2024-09-21 | D101: West Ham | E101: 0.9 | F101: 0–3 | G101: 2.2 | H101: Chelsea | I101: London Stadium | J101: =IF(F101<>"", VALUE(LEFT(SUBSTITUTE(F101, "–", "-"), FIND("-", SUBSTITUTE(F101, "–", "-")) - 1)), "") -> 0 | K101: =IF(F101<>"", VALUE(RIGHT(SUBSTITUTE(F101, "–", "-"), LEN(SUBSTITUTE(F101, "–", "-")) - FIND("-", SUBSTITUTE(F101, "–", "-")))), "") -> 3 | L101: =L100+1 -> 101
A102: 29 | B102: Sat | C102: 2025-03-15 | D102: Arsenal | H102: Chelsea | I102: Emirates Stadium | J102: =IF(F102<>"", VALUE(LEFT(SUBSTITUTE(F102, "–", "-"), FIND("-", SUBSTITUTE(F102, "–", "-")) - 1)), "") | K102: =IF(F102<>"", VALUE(RIGHT(SUBSTITUTE(F102, "–", "-"), LEN(SUBSTITUTE(F102, "–", "-")) - FIND("-", SUBSTITUTE(F102, "–", "-")))), "") | L102: =L101+1 -> 102
A103: 8 | B103: Sun | C103: 2024-10-20 | D103: Liverpool | E103: 1.9 | F103: 2–1 | G103: 1.0 | H103: Chelsea | I103: Anfield | J103: =IF(F103<>"", VALUE(LEFT(SUBSTITUTE(F103, "–", "-"), FIND("-", SUBSTITUTE(F103, "–", "-")) - 1)), "") -> 2 | K103: =IF(F103<>"", VALUE(RIGHT(SUBSTITUTE(F103, "–", "-"), LEN(SUBSTITUTE(F103, "–", "-")) - FIND("-", SUBSTITUTE(F103, "–", "-")))), "") -> 1 | L103: =L102+1 -> 103
A104: 23 | B104: Sat | C104: 2025-01-25 | D104: Manchester City | H104: Chelsea | I104: Etihad Stadium | J104: =IF(F104<>"", VALUE(LEFT(SUBSTITUTE(F104, "–", "-"), FIND("-", SUBSTITUTE(F104, "–", "-")) - 1)), "") | K104: =IF(F104<>"", VALUE(RIGHT(SUBSTITUTE(F104, "–", "-"), LEN(SUBSTITUTE(F104, "–", "-")) - FIND("-", SUBSTITUTE(F104, "–", "-")))), "") | L104: =L103+1 -> 104
...

Sheet averageStats
A1: Team | B1: Away GF | C1: Away GA | D1: Home GF | E1: Home GA
A2: Arsenal | B2: {=INDIRECT("seasonalStats!X"&MATCH(A2, seasonalStats!A:A,0))/INDIRECT("seasonalStats!B"&MATCH(A2,seasonalStats!A:A,0))} -> 0.58 | C2: {=INDIRECT("seasonalStats!y"&MATCH(A2, seasonalStats!A:A,0))/INDIRECT("seasonalStats!B"&MATCH(A2,seasonalStats!A:A,0))} -> 1.18 | D2: {=INDIRECT("seasonalStats!K"&MATCH(A2, seasonalStats!A:A,0))/INDIRECT("seasonalStats!B"&MATCH(A2,seasonalStats!A:A,0))} -> 2.3 | E2: {=INDIRECT("seasonalStats!L"&MATCH(A2, seasonalStats!A:A,0))/INDIRECT("seasonalStats!B"&MATCH(A2,seasonalStats!A:A,0))} -> 0.8
A3: Aston Villa | B3: {=INDIRECT("seasonalStats!X"&MATCH(A3, seasonalStats!A:A,0))/INDIRECT("seasonalStats!B"&MATCH(A3,seasonalStats!A:A,0))} -> 1.16 | C3: {=INDIRECT("seasonalStats!y"&MATCH(A3, seasonalStats!A:A,0))/INDIRECT("seasonalStats!B"&MATCH(A3,seasonalStats!A:A,0))} -> 1.14 | D3: {=INDIRECT("seasonalStats!K"&MATCH(A3, seasonalStats!A:A,0))/INDIRECT("seasonalStats!B"&MATCH(A3,seasonalStats!A:A,0))} -> 1.48 | E3: {=INDIRECT("seasonalStats!L"&MATCH(A3, seasonalStats!A:A,0))/INDIRECT("seasonalStats!B"&MATCH(A3,seasonalStats!A:A,0))} -> 0.62
A4: Bournemouth | B4: {=INDIRECT("seasonalStats!X"&MATCH(A4, seasonalStats!A:A,0))/INDIRECT("seasonalStats!B"&MATCH(A4,seasonalStats!A:A,0))} -> 1.775 | C4: {=INDIRECT("seasonalStats!y"&MATCH(A4, seasonalStats!A:A,0))/INDIRECT("seasonalStats!B"&MATCH(A4,seasonalStats!A:A,0))} -> 1.925 | D4: {=INDIRECT("seasonalStats!K"&MATCH(A4, seasonalStats!A:A,0))/INDIRECT("seasonalStats!B"&MATCH(A4,seasonalStats!A:A,0))} -> 1.775 | E4: {=INDIRECT("seasonalStats!L"&MATCH(A4, seasonalStats!A:A,0))/INDIRECT("seasonalStats!B"&MATCH(A4,seasonalStats!A:A,0))} -> 0.925
A5: Brentford | B5: {=INDIRECT("seasonalStats!X"&MATCH(A5, seasonalStats!A:A,0))/INDIRECT("seasonalStats!B"&MATCH(A5,seasonalStats!A:A,0))} -> 0.64 | C5: {=INDIRECT("seasonalStats!y"&MATCH(A5, seasonalStats!A:A,0))/INDIRECT("seasonalStats!B"&MATCH(A5,seasonalStats!A:A,0))} -> 1.9 | D5: {=INDIRECT("seasonalStats!K"&MATCH(A5, seasonalStats!A:A,0))/INDIRECT("seasonalStats!B"&MATCH(A5,seasonalStats!A:A,0))} -> 2.58 | E5: {=INDIRECT("seasonalStats!L"&MATCH(A5, seasonalStats!A:A,0))/INDIRECT("seasonalStats!B"&MATCH(A5,seasonalStats!A:A,0))} -> 1.18
A6: Brighton | B6: {=INDIRECT("seasonalStats!X"&MATCH(A6, seasonalStats!A:A,0))/INDIRECT("seasonalStats!B"&MATCH(A6,seasonalStats!A:A,0))} -> 1.08 | C6: {=INDIRECT("seasonalStats!y"&MATCH(A6, seasonalStats!A:A,0))/INDIRECT("seasonalStats!B"&MATCH(A6,seasonalStats!A:A,0))} -> 1.76 | D6: {=INDIRECT("seasonalStats!K"&MATCH(A6, seasonalStats!A:A,0))/INDIRECT("seasonalStats!B"&MATCH(A6,seasonalStats!A:A,0))} -> 1.56 | E6: {=INDIRECT("seasonalStats!L"&MATCH(A6, seasonalStats!A:A,0))/INDIRECT("seasonalStats!B"&MATCH(A6,seasonalStats!A:A,0))} -> 1.18
A7: Chelsea | B7: {=INDIRECT("seasonalStats!X"&MATCH(A7, seasonalStats!A:A,0))/INDIRECT("seasonalStats!B"&MATCH(A7,seasonalStats!A:A,0))} -> 1.12 | C7: {=INDIRECT("seasonalStats!y"&MATCH(A7, seasonalStats!A:A,0))/INDIRECT("seasonalStats!B"&MATCH(A7,seasonalStats!A:A,0))} -> 1.3 | D7: {=INDIRECT("seasonalStats!K"&MATCH(A7, seasonalStats!A:A,0))/INDIRECT("seasonalStats!B"&MATCH(A7,seasonalStats!A:A,0))} -> 2.28 | E7: {=INDIRECT("seasonalStats!L"&MATCH(A7, seasonalStats!A:A,0))/INDIRECT("seasonalStats!B"&MATCH(A7,seasonalStats!A:A,0))} -> 1.02
A8: Crystal Palace | B8: {=INDIRECT("seasonalStats!X"&MATCH(A8, seasonalStats!A:A,0))/INDIRECT("seasonalStats!B"&MATCH(A8,seasonalStats!A:A,0))} -> 0.72 | C8: {=INDIRECT("seasonalStats!y"&MATCH(A8, seasonalStats!A:A,0))/INDIRECT("seasonalStats!B"&MATCH(A8,seasonalStats!A:A,0))} -> 1.3 | D8: {=INDIRECT("seasonalStats!K"&MATCH(A8, seasonalStats!A:A,0))/INDIRECT("seasonalStats!B"&MATCH(A8,seasonalStats!A:A,0))} -> 1.26 | E8: {=INDIRECT("seasonalStats!L"&MATCH(A8, seasonalStats!A:A,0))/INDIRECT("seasonalStats!B"&MATCH(A8,seasonalStats!A:A,0))} -> 1.26
A9: Everton | B9: {=INDIRECT("seasonalStats!X"&MATCH(A9, seasonalStats!A:A,0))/INDIRECT("seasonalStats!B"&MATCH(A9,seasonalStats!A:A,0))} -> 0.94 | C9: {=INDIRECT("seasonalStats!y"&MATCH(A9, seasonalStats!A:A,0))/INDIRECT("seasonalStats!B"&MATCH(A9,seasonalStats!A:A,0))} -> 1.28 | D9: {=INDIRECT("seasonalStats!K"&MATCH(A9, seasonalStats!A:A,0))/INDIRECT("seasonalStats!B"&MATCH(A9,seasonalStats!A:A,0))} -> 0.92 | E9: {=INDIRECT("seasonalStats!L"&MATCH(A9, seasonalStats!A:A,0))/INDIRECT("seasonalStats!B"&MATCH(A9,seasonalStats!A:A,0))} -> 1.6
A10: Fulham | B10: {=INDIRECT("seasonalStats!X"&MATCH(A10, seasonalStats!A:A,0))/INDIRECT("seasonalStats!B"&MATCH(A10,seasonalStats!A:A,0))} -> 1.625 | C10: {=INDIRECT("seasonalStats!y"&MATCH(A10, seasonalStats!A:A,0))/INDIRECT("seasonalStats!B"&MATCH(A10,seasonalStats!A:A,0))} -> 1.5 | D10: {=INDIRECT("seasonalStats!K"&MATCH(A10, seasonalStats!A:A,0))/INDIRECT("seasonalStats!B"&MATCH(A10,seasonalStats!A:A,0))} -> 1.825 | E10: {=INDIRECT("seasonalStats!L"&MATCH(A10, seasonalStats!A:A,0))/INDIRECT("seasonalStats!B"&MATCH(A10,seasonalStats!A:A,0))} -> 1.125
A11: Ipswich Town | B11: {=INDIRECT("seasonalStats!X"&MATCH(A11, seasonalStats!A:A,0))/INDIRECT("seasonalStats!B"&MATCH(A11,seasonalStats!A:A,0))} -> 1.05 | C11: {=INDIRECT("seasonalStats!y"&MATCH(A11, seasonalStats!A:A,0))/INDIRECT("seasonalStats!B"&MATCH(A11,seasonalStats!A:A,0))} -> 3.775 | D11: {=INDIRECT("seasonalStats!K"&MATCH(A11, seasonalStats!A:A,0))/INDIRECT("seasonalStats!B"&MATCH(A11,seasonalStats!A:A,0))} -> 0.825 | E11: {=INDIRECT("seasonalStats!L"&MATCH(A11, seasonalStats!A:A,0))/INDIRECT("seasonalStats!B"&MATCH(A11,seasonalStats!A:A,0))} -> 1.525
A12: Leicester City | B12: {=INDIRECT("seasonalStats!X"&MATCH(A12, seasonalStats!A:A,0))/INDIRECT("seasonalStats!B"&MATCH(A12,seasonalStats!A:A,0))} -> 1.04 | C12: {=INDIRECT("seasonalStats!y"&MATCH(A12, seasonalStats!A:A,0))/INDIRECT("seasonalStats!B"&MATCH(A12,seasonalStats!A:A,0))} -> 2.16 | D12: {=INDIRECT("seasonalStats!K"&MATCH(A12, seasonalStats!A:A,0))/INDIRECT("seasonalStats!B"&MATCH(A12,seasonalStats!A:A,0))} -> 0.74 | E12: {=INDIRECT("seasonalStats!L"&MATCH(A12, seasonalStats!A:A,0))/INDIRECT("seasonalStats!B"&MATCH(A12,seasonalStats!A:A,0))} -> 1.5
A13: Liverpool | B13: {=INDIRECT("seasonalStats!X"&MATCH(A13, seasonalStats!A:A,0))/INDIRECT("seasonalStats!B"&MATCH(A13,seasonalStats!A:A,0))} -> 2.275 | C13: {=INDIRECT("seasonalStats!y"&MATCH(A13, seasonalStats!A:A,0))/INDIRECT("seasonalStats!B"&MATCH(A13,seasonalStats!A:A,0))} -> 1 | D13: {=INDIRECT("seasonalStats!K"&MATCH(A13, seasonalStats!A:A,0))/INDIRECT("seasonalStats!B"&MATCH(A13,seasonalStats!A:A,0))} -> 1.85 | E13: {=INDIRECT("seasonalStats!L"&MATCH(A13, seasonalStats!A:A,0))/INDIRECT("seasonalStats!B"&MATCH(A13,seasonalStats!A:A,0))} -> 0.775
... A21: Wolves | B21: {=INDIRECT("seasonalStats!X"&MATCH(A21, seasonalStats!A:A,0))/INDIRECT("seasonalStats!B"&MATCH(A21,seasonalStats!A:A,0))} -> 1.025 | C21: {=INDIRECT("seasonalStats!y"&MATCH(A21, seasonalStats!A:A,0))/INDIRECT("seasonalStats!B"&MATCH(A21,seasonalStats!A:A,0))} -> 2.375 | D21: {=INDIRECT("seasonalStats!K"&MATCH(A21, seasonalStats!A:A,0))/INDIRECT("seasonalStats!B"&MATCH(A21,seasonalStats!A:A,0))} -> 1.15 | E21: {=INDIRECT("seasonalStats!L"&MATCH(A21, seasonalStats!A:A,0))/INDIRECT("seasonalStats!B"&MATCH(A21,seasonalStats!A:A,0))} -> 1.825

Sheet seasonalStats
B1: Home | O1: Away
A2: Squad | B2: Home MP | C2: Home W | D2: Home D | E2: Home L | F2: Home GF | G2: Home GA | H2: Home GD | I2: Home Pts | J2: Home Pts/MP | K2: Home xG | L2: Home xGA | M2: Home xGD | N2: Home xGD/90 | O2: Away MP | P2: Away W | Q2: Away D | R2: Away L | S2: Away GF | T2: Away GA | U2: Away GD | V2: Away Pts | W2: Away Pts/MP | X2: Away xG | Y2: Away xGA | Z2: Away xGD | AA2: Away XGD/90
A3: Arsenal | B3: 5 | C3: 3 | D3: 2 | E3: 0 | F3: 12 | G3: 6 | H3: +6 | I3: 11 | J3: 2.20 | K3: 11.5 | L3: 4.0 | M3: +7.5 | N3: +1.50 | O3: 4 | P3: 2 | Q3: 1 | R3: 1 | S3: 5 | T3: 4 | U3: +1 | V3: 7 | W3: 1.75 | X3: 2.9 | Y3: 5.9 | Z3: -3.0 | AA3: -0.74
A4: Aston Villa | B4: 5 | C4: 2 | D4: 2 | E4: 1 | F4: 7 | G4: 6 | H4: +1 | I4: 8 | J4: 1.60 | K4: 7.4 | L4: 3.1 | M4: +4.2 | N4: +0.84 | O4: 4 | P4: 3 | Q4: 1 | R4: 0 | S4: 9 | T4: 5 | U4: +4 | V4: 10 | W4: 2.50 | X4: 5.8 | Y4: 5.7 | Z4: +0.1 | AA4: +0.03
A5: Bournemouth | B5: 4 | C5: 2 | D5: 1 | E5: 1 | F5: 6 | G5: 3 | H5: +3 | I5: 7 | J5: 1.75 | K5: 7.1 | L5: 3.7 | M5: +3.4 | N5: +0.85 | O5: 5 | P5: 1 | Q5: 2 | R5: 2 | S5: 5 | T5: 8 | U5: -3 | V5: 5 | W5: 1.00 | X5: 7.1 | Y5: 7.7 | Z5: -0.6 | AA5: -0.12
A6: Brentford | B6: 5 | C6: 4 | D6: 1 | E6: 0 | F6: 15 | G6: 9 | H6: +6 | I6: 13 | J6: 2.60 | K6: 12.9 | L6: 5.9 | M6: +7.0 | N6: +1.41 | O6: 4 | P6: 0 | Q6: 0 | R6: 4 | S6: 3 | T6: 9 | U6: -6 | V6: 0 | W6: 0.00 | X6: 3.2 | Y6: 9.5 | Z6: -6.3 | AA6: -1.58
A7: Brighton | B7: 5 | C7: 2 | D7: 3 | E7: 0 | F7: 9 | G7: 7 | H7: +2 | I7: 9 | J7: 1.80 | K7: 7.8 | L7: 5.9 | M7: +1.9 | N7: +0.38 | O7: 4 | P7: 2 | Q7: 1 | R7: 1 | S7: 7 | T7: 5 | U7: +2 | V7: 7 | W7: 1.75 | X7: 5.4 | Y7: 8.8 | Z7: -3.4 | AA7: -0.85
A8: Chelsea | B8: 5 | C8: 2 | D8: 2 | E8: 1 | F8: 8 | G8: 7 | H8: +1 | I8: 8 | J8: 1.60 | K8: 11.4 | L8: 5.1 | M8: +6.3 | N8: +1.26 | O8: 4 | P8: 3 | Q8: 0 | R8: 1 | S8: 11 | T8: 4 | U8: +7 | V8: 9 | W8: 2.25 | X8: 5.6 | Y8: 6.5 | Z8: -0.9 | AA8: -0.22
A9: Crystal Palace | B9: 5 | C9: 1 | D9: 2 | E9: 2 | F9: 3 | G9: 5 | H9: -2 | I9: 5 | J9: 1.00 | K9: 6.3 | L9: 6.3 | M9: 0.0 | N9: 0.00 | O9: 4 | P9: 0 | Q9: 1 | R9: 3 | S9: 3 | T9: 6 | U9: -3 | V9: 1 | W9: 0.25 | X9: 3.6 | Y9: 6.5 | Z9: -2.9 | AA9: -0.73
A10: Everton | B10: 5 | C10: 1 | D10: 2 | E10: 2 | F10: 5 | G10: 8 | H10: -3 | I10: 5 | J10: 1.00 | K10: 4.6 | L10: 8.0 | M10: -3.4 | N10: -0.68 | O10: 4 | P10: 1 | Q10: 1 | R10: 2 | S10: 5 | T10: 8 | U10: -3 | V10: 4 | W10: 1.00 | X10: 4.7 | Y10: 6.4 | Z10: -1.7 | AA10: -0.44
A11: Fulham | B11: 4 | C11: 2 | D11: 1 | E11: 1 | F11: 7 | G11: 6 | H11: +1 | I11: 7 | J11: 1.75 | K11: 7.3 | L11: 4.5 | M11: +2.8 | N11: +0.69 | O11: 5 | P11: 1 | Q11: 2 | R11: 2 | S11: 5 | T11: 6 | U11: -1 | V11: 5 | W11: 1.00 | X11: 6.5 | Y11: 6.0 | Z11: +0.5 | AA11: +0.10
A12: Ipswich Town | B12: 4 | C12: 0 | D12: 2 | E12: 2 | F12: 3 | G12: 7 | H12: -4 | I12: 2 | J12: 0.50 | K12: 3.3 | L12: 6.1 | M12: -2.7 | N12: -0.68 | O12: 5 | P12: 0 | Q12: 2 | R12: 3 | S12: 6 | T12: 13 | U12: -7 | V12: 2 | W12: 0.40 | X12: 4.2 | Y12: 15.1 | Z12: -10.9 | AA12: -2.17
A13: Leicester City | B13: 5 | C13: 1 | D13: 2 | E13: 2 | F13: 5 | G13: 7 | H13: -2 | I13: 5 | J13: 1.00 | K13: 3.7 | L13: 7.5 | M13: -3.8 | N13: -0.75 | O13: 4 | P13: 1 | Q13: 1 | R13: 2 | S13: 8 | T13: 10 | U13: -2 | V13: 4 | W13: 1.00 | X13: 5.2 | Y13: 10.8 | Z13: -5.6 | AA13: -1.40
... A22: Wolves | B22: 4 | C22: 0 | D22: 0 | E22: 4 | F22: 5 | G22: 12 | H22: -7 | I22: 0 | J22: 0.00 | K22: 4.6 | L22: 7.3 | M22: -2.7 | N22: -0.67 | O22: 5 | P22: 0 | Q22: 2 | R22: 3 | S22: 7 | T22: 13 | U22: -6 | V22: 2 | W22: 0.40 | X22: 4.1 | Y22: 9.5 | Z22: -5.4 | AA22: -1.07
A23: Averages | B23: =(B3+B4+B5+B6+B7+B8+B9+B10+B11+B12+B13+B14+B15+B16+B17+B18+B19+B20+B21+B22)/20 -> 4.5 | C23: =(C3+C4+C5+C6+C7+C8+C9+C10+C11+C12+C13+C14+C15+C16+C17+C18+C19+C20+C21+C22)/20 -> 1.85 | D23: =(D3+D4+D5+D6+D7+D8+D9+D10+D11+D12+D13+D14+D15+D16+D17+D18+D19+D20+D21+D22)/20 -> 1.25 | E23: =(E3+E4+E5+E6+E7+E8+E9+E10+E11+E12+E13+E14+E15+E16+E17+E18+E19+E20+E21+E22)/20 -> 1.4 | F23: =(F3+F4+F5+F6+F7+F8+F9+F10+F11+F12+F13+F14+F15+F16+F17+F18+F19+F20+F21+F22)/20 -> 6.8 | G23: =(G3+G4+G5+G6+G7+G8+G9+G10+G11+G12+G13+G14+G15+G16+G17+G18+G19+G20+G21+G22)/20 -> 6.25 | H23: =(H3+H4+H5+H6+H7+H8+H9+H10+H11+H12+H13+H14+H15+H16+H17+H18+H19+H20+H21+H22)/20 -> 0.55 | I23: =(I3+I4+I5+I6+I7+I8+I9+I10+I11+I12+I13+I14+I15+I16+I17+I18+I19+I20+I21+I22)/20 -> 6.8 | ... AA23: =(AA3+AA4+AA5+AA6+AA7+AA8+AA9+AA10+AA11+AA12+AA13+AA14+AA15+AA16+AA17+AA18+AA19+AA20+AA21+AA22)/20 -> -0.3945

Sheet pDist
A1: Home
C2: 0 | D2: 1 | E2: 2 | F2: 3 | G2: 4 | H2: 5 | I2: 6 | J2: 7 | K2: 8 | L2: 9 | N2: Away Win | O2: =SUM(C4:C12,D5:D12,E6:E12,F7:F12,G8:G12,H9:H12,I10:I12,J11:J12,K12) -> 0.30778134
B3: 0 | C3: =POISSON($B3, Dashboard!$C$3, FALSE)*POISSON(C$2, Dashboard!$C$2, FALSE) -> 0.26206913 | D3: =POISSON($B3, Dashboard!$C$3, FALSE)*POISSON(D$2, Dashboard!$C$2, FALSE) -> 0.17355571 | E3: =POISSON($B3, Dashboard!$C$3, FALSE)*POISSON(E$2, Dashboard!$C$2, FALSE) -> 0.057468779 | F3: =POISSON($B3, Dashboard!$C$3, FALSE)*POISSON(F$2, Dashboard!$C$2, FALSE) -> 0.012686265 | G3: =POISSON($B3, Dashboard!$C$3, FALSE)*POISSON(G$2, Dashboard!$C$2, FALSE) -> 0.002100375 | H3: =POISSON($B3, Dashboard!$C$3, FALSE)*POISSON(H$2, Dashboard!$C$2, FALSE) -> 0.00027819536 | I3: =POISSON($B3, Dashboard!$C$3, FALSE)*POISSON(I$2, Dashboard!$C$2, FALSE) -> 3.070589e-05 | J3: =POISSON($B3, Dashboard!$C$3, FALSE)*POISSON(J$2, Dashboard!$C$2, FALSE) -> 2.9050037e-06 | ... L3: =POISSON($B3, Dashboard!$C$3, FALSE)*POISSON(L$2, Dashboard!$C$2, FALSE) -> 1.7695397e-08 | N3: Home Win | O3: =1-O2-O4 -> 0.29883028
B4: 1 | C4: =POISSON($B4, Dashboard!$C$3, FALSE)*POISSON(C$2, Dashboard!$C$2, FALSE) -> 0.17739336 | D4: =POISSON($B4, Dashboard!$C$3, FALSE)*POISSON(D$2, Dashboard!$C$2, FALSE) -> 0.11747905 | E4: =POISSON($B4, Dashboard!$C$3, FALSE)*POISSON(E$2, Dashboard!$C$2, FALSE) -> 0.038900347 | F4: =POISSON($B4, Dashboard!$C$3, FALSE)*POISSON(F$2, Dashboard!$C$2, FALSE) -> 0.0085872731 | G4: =POISSON($B4, Dashboard!$C$3, FALSE)*POISSON(G$2, Dashboard!$C$2, FALSE) -> 0.001421734 | H4: =POISSON($B4, Dashboard!$C$3, FALSE)*POISSON(H$2, Dashboard!$C$2, FALSE) -> 0.00018830913 | I4: =POISSON($B4, Dashboard!$C$3, FALSE)*POISSON(I$2, Dashboard!$C$2, FALSE) -> 2.0784673e-05 | J4: =POISSON($B4, Dashboard!$C$3, FALSE)*POISSON(J$2, Dashboard!$C$2, FALSE) -> 1.9663834e-06 | ... L4: =POISSON($B4, Dashboard!$C$3, FALSE)*POISSON(L$2, Dashboard!$C$2, FALSE) -> 1.1977931e-08 | N4: Draw | O4: =SUM(C3,D4,E5,F6,G7,H8,I9,J10,K11,L12) -> 0.39338838
A5: Away | B5: 2 | C5: =POISSON($B5, Dashboard!$C$3, FALSE)*POISSON(C$2, Dashboard!$C$2, FALSE) -> 0.060038367 | D5: =POISSON($B5, Dashboard!$C$3, FALSE)*POISSON(D$2, Dashboard!$C$2, FALSE) -> 0.039760508 | E5: =POISSON($B5, Dashboard!$C$3, FALSE)*POISSON(E$2, Dashboard!$C$2, FALSE) -> 0.013165731 | F5: =POISSON($B5, Dashboard!$C$3, FALSE)*POISSON(F$2, Dashboard!$C$2, FALSE) -> 0.0029063424 | G5: =POISSON($B5, Dashboard!$C$3, FALSE)*POISSON(G$2, Dashboard!$C$2, FALSE) -> 0.00048118252 | H5: =POISSON($B5, Dashboard!$C$3, FALSE)*POISSON(H$2, Dashboard!$C$2, FALSE) -> 6.3732784e-05 | I5: =POISSON($B5, Dashboard!$C$3, FALSE)*POISSON(I$2, Dashboard!$C$2, FALSE) -> 7.0345236e-06 | J5: =POISSON($B5, Dashboard!$C$3, FALSE)*POISSON(J$2, Dashboard!$C$2, FALSE) -> 6.6551785e-07 | ... L5: =POISSON($B5, Dashboard!$C$3, FALSE)*POISSON(L$2, Dashboard!$C$2, FALSE) -> 4.0539027e-09
B6: 3 | C6: =POISSON($B6, Dashboard!$C$3, FALSE)*POISSON(C$2, Dashboard!$C$2, FALSE) -> 0.013546563 | D6: =POISSON($B6, Dashboard!$C$3, FALSE)*POISSON(D$2, Dashboard!$C$2, FALSE) -> 0.0089712338 | E6: =POISSON($B6, Dashboard!$C$3, FALSE)*POISSON(E$2, Dashboard!$C$2, FALSE) -> 0.0029706072 | F6: =POISSON($B6, Dashboard!$C$3, FALSE)*POISSON(F$2, Dashboard!$C$2, FALSE) -> 0.00065576318 | G6: =POISSON($B6, Dashboard!$C$3, FALSE)*POISSON(G$2, Dashboard!$C$2, FALSE) -> 0.00010857006 | H6: =POISSON($B6, Dashboard!$C$3, FALSE)*POISSON(H$2, Dashboard!$C$2, FALSE) -> 1.4380141e-05 | I6: =POISSON($B6, Dashboard!$C$3, FALSE)*POISSON(I$2, Dashboard!$C$2, FALSE) -> 1.587212e-06 | J6: =POISSON($B6, Dashboard!$C$3, FALSE)*POISSON(J$2, Dashboard!$C$2, FALSE) -> 1.5016197e-07 | ... L6: =POISSON($B6, Dashboard!$C$3, FALSE)*POISSON(L$2, Dashboard!$C$2, FALSE) -> 9.1468923e-10
B7: 4 | C7: =POISSON($B7, Dashboard!$C$3, FALSE)*POISSON(C$2, Dashboard!$C$2, FALSE) -> 0.0022924012 | D7: =POISSON($B7, Dashboard!$C$3, FALSE)*POISSON(D$2, Dashboard!$C$2, FALSE) -> 0.0015181465 | E7: =POISSON($B7, Dashboard!$C$3, FALSE)*POISSON(E$2, Dashboard!$C$2, FALSE) -> 0.00050269752 | F7: =POISSON($B7, Dashboard!$C$3, FALSE)*POISSON(F$2, Dashboard!$C$2, FALSE) -> 0.00011097076 | G7: =POISSON($B7, Dashboard!$C$3, FALSE)*POISSON(G$2, Dashboard!$C$2, FALSE) -> 1.8372642e-05 | H7: =POISSON($B7, Dashboard!$C$3, FALSE)*POISSON(H$2, Dashboard!$C$2, FALSE) -> 2.4334625e-06 | I7: =POISSON($B7, Dashboard!$C$3, FALSE)*POISSON(I$2, Dashboard!$C$2, FALSE) -> 2.6859409e-07 | J7: =POISSON($B7, Dashboard!$C$3, FALSE)*POISSON(J$2, Dashboard!$C$2, FALSE) -> 2.5410983e-08 | ... L7: =POISSON($B7, Dashboard!$C$3, FALSE)*POISSON(L$2, Dashboard!$C$2, FALSE) -> 1.5478721e-10
B8: 5 | C8: =POISSON($B8, Dashboard!$C$3, FALSE)*POISSON(C$2, Dashboard!$C$2, FALSE) -> 0.00031034313 | D8: =POISSON($B8, Dashboard!$C$3, FALSE)*POISSON(D$2, Dashboard!$C$2, FALSE) -> 0.00020552525 | E8: =POISSON($B8, Dashboard!$C$3, FALSE)*POISSON(E$2, Dashboard!$C$2, FALSE) -> 6.8054719e-05 | F8: =POISSON($B8, Dashboard!$C$3, FALSE)*POISSON(F$2, Dashboard!$C$2, FALSE) -> 1.5023117e-05 | G8: =POISSON($B8, Dashboard!$C$3, FALSE)*POISSON(G$2, Dashboard!$C$2, FALSE) -> 2.487271e-06 | H8: =POISSON($B8, Dashboard!$C$3, FALSE)*POISSON(H$2, Dashboard!$C$2, FALSE) -> 3.2943986e-07 | I8: =POISSON($B8, Dashboard!$C$3, FALSE)*POISSON(I$2, Dashboard!$C$2, FALSE) -> 3.6362016e-08 | J8: =POISSON($B8, Dashboard!$C$3, FALSE)*POISSON(J$2, Dashboard!$C$2, FALSE) -> 3.440115e-09 | ... L8: =POISSON($B8, Dashboard!$C$3, FALSE)*POISSON(L$2, Dashboard!$C$2, FALSE) -> 2.0954947e-11
B9: 6 | C9: =POISSON($B9, Dashboard!$C$3, FALSE)*POISSON(C$2, Dashboard!$C$2, FALSE) -> 3.5011634e-05 | D9: =POISSON($B9, Dashboard!$C$3, FALSE)*POISSON(D$2, Dashboard!$C$2, FALSE) -> 2.3186513e-05 | E9: =POISSON($B9, Dashboard!$C$3, FALSE)*POISSON(E$2, Dashboard!$C$2, FALSE) -> 7.6776533e-06 | F9: =POISSON($B9, Dashboard!$C$3, FALSE)*POISSON(F$2, Dashboard!$C$2, FALSE) -> 1.6948462e-06 | G9: =POISSON($B9, Dashboard!$C$3, FALSE)*POISSON(G$2, Dashboard!$C$2, FALSE) -> 2.8060367e-07 | H9: =POISSON($B9, Dashboard!$C$3, FALSE)*POISSON(H$2, Dashboard!$C$2, FALSE) -> 3.716605e-08 | I9: =POISSON($B9, Dashboard!$C$3, FALSE)*POISSON(I$2, Dashboard!$C$2, FALSE) -> 4.102213e-09 | J9: =POISSON($B9, Dashboard!$C$3, FALSE)*POISSON(J$2, Dashboard!$C$2, FALSE) -> 3.8809962e-10 | ... L9: =POISSON($B9, Dashboard!$C$3, FALSE)*POISSON(L$2, Dashboard!$C$2, FALSE) -> 2.3640509e-12
B10: 7 | C10: =POISSON($B10, Dashboard!$C$3, FALSE)*POISSON(C$2, Dashboard!$C$2, FALSE) -> 3.3856016e-06 | D10: =POISSON($B10, Dashboard!$C$3, FALSE)*POISSON(D$2, Dashboard!$C$2, FALSE) -> 2.2421202e-06 | E10: =POISSON($B10, Dashboard!$C$3, FALSE)*POISSON(E$2, Dashboard!$C$2, FALSE) -> 7.4242392e-07 | F10: =POISSON($B10, Dashboard!$C$3, FALSE)*POISSON(F$2, Dashboard!$C$2, FALSE) -> 1.6389049e-07 | G10: =POISSON($B10, Dashboard!$C$3, FALSE)*POISSON(G$2, Dashboard!$C$2, FALSE) -> 2.7134187e-08 | H10: =POISSON($B10, Dashboard!$C$3, FALSE)*POISSON(H$2, Dashboard!$C$2, FALSE) -> 3.5939321e-09 | I10: =POISSON($B10, Dashboard!$C$3, FALSE)*POISSON(I$2, Dashboard!$C$2, FALSE) -> 3.9668125e-10 | J10: =POISSON($B10, Dashboard!$C$3, FALSE)*POISSON(J$2, Dashboard!$C$2, FALSE) -> 3.7528973e-11 | ... L10: =POISSON($B10, Dashboard!$C$3, FALSE)*POISSON(L$2, Dashboard!$C$2, FALSE) -> 2.2860214e-13
B11: 8 | C11: =POISSON($B11, Dashboard!$C$3, FALSE)*POISSON(C$2, Dashboard!$C$2, FALSE) -> 2.8646223e-07 | D11: =POISSON($B11, Dashboard!$C$3, FALSE)*POISSON(D$2, Dashboard!$C$2, FALSE) -> 1.8971008e-07 | E11: =POISSON($B11, Dashboard!$C$3, FALSE)*POISSON(E$2, Dashboard!$C$2, FALSE) -> 6.2817909e-08 | F11: =POISSON($B11, Dashboard!$C$3, FALSE)*POISSON(F$2, Dashboard!$C$2, FALSE) -> 1.3867088e-08 | G11: =POISSON($B11, Dashboard!$C$3, FALSE)*POISSON(G$2, Dashboard!$C$2, FALSE) -> 2.2958755e-09 | H11: =POISSON($B11, Dashboard!$C$3, FALSE)*POISSON(H$2, Dashboard!$C$2, FALSE) -> 3.0408947e-10 | I11: =POISSON($B11, Dashboard!$C$3, FALSE)*POISSON(I$2, Dashboard!$C$2, FALSE) -> 3.3563959e-11 | J11: =POISSON($B11, Dashboard!$C$3, FALSE)*POISSON(J$2, Dashboard!$C$2, FALSE) -> 3.1753982e-12 | ... L11: =POISSON($B11, Dashboard!$C$3, FALSE)*POISSON(L$2, Dashboard!$C$2, FALSE) -> 1.9342464e-14
B12: 9 | C12: =POISSON($B12, Dashboard!$C$3, FALSE)*POISSON(C$2, Dashboard!$C$2, FALSE) -> 2.1544993e-08 | D12: =POISSON($B12, Dashboard!$C$3, FALSE)*POISSON(D$2, Dashboard!$C$2, FALSE) -> 1.4268207e-08 | E12: =POISSON($B12, Dashboard!$C$3, FALSE)*POISSON(E$2, Dashboard!$C$2, FALSE) -> 4.724572e-09 | F12: =POISSON($B12, Dashboard!$C$3, FALSE)*POISSON(F$2, Dashboard!$C$2, FALSE) -> 1.0429519e-09 | G12: =POISSON($B12, Dashboard!$C$3, FALSE)*POISSON(G$2, Dashboard!$C$2, FALSE) -> 1.7267415e-10 | H12: =POISSON($B12, Dashboard!$C$3, FALSE)*POISSON(H$2, Dashboard!$C$2, FALSE) -> 2.2870748e-11 | I12: =POISSON($B12, Dashboard!$C$3, FALSE)*POISSON(I$2, Dashboard!$C$2, FALSE) -> 2.5243652e-12 | J12: =POISSON($B12, Dashboard!$C$3, FALSE)*POISSON(J$2, Dashboard!$C$2, FALSE) -> 2.3882357e-13 | ... L12: =POISSON($B12, Dashboard!$C$3, FALSE)*POISSON(L$2, Dashboard!$C$2, FALSE) -> 1.4547582e-15

Sheet teamNames
A1: TeamNames
A2: Arsenal
A3: Aston Villa
A4: Bournemouth
A5: Brentford
A6: Brighton
A7: Chelsea
A8: Crystal Palace
A9: Everton
A10: Fulham
A11: Ipswich Town
A12: Leicester City
... A21: Wolves
